transaction_id,customer_id,amount,payment_method,bank_code,failure_code,failure_type,customer_tenure_months,failure_timestamp,customer_reply_intent
txn_10000,cust_2326,999,NACH,SBI,INSUFFICIENT_FUNDS,soft_user,9,2026-08-30 13:56:08,NONE
txn_10001,cust_2151,999,CARD_RECURRING,ICICI,EXPIRED_CARD,hard_failure,9,2026-08-20 06:56:08,CANCEL_REQUEST
txn_10002,cust_2078,2999,NACH,AXIS,GATEWAY_TIMEOUT,soft_tech,30,2026-08-29 03:56:08,FAILED_AGAIN
txn_10003,cust_2298,299,NETBANKING,KOTAK,ISSUER_DOWN,soft_tech,5,2026-08-20 18:56:08,CANCEL_REQUEST
txn_10004,cust_2216,499,UPI_AUTOPAY,ICICI,INSUFFICIENT_FUNDS,soft_user,18,2026-08-17 14:56:08,PAY_LATER
txn_10005,cust_2338,499,CARD_RECURRING,AXIS,INSUFFICIENT_FUNDS,soft_user,11,2026-08-19 01:56:08,NONE
txn_10006,cust_2317,4999,NETBANKING,AXIS,INSUFFICIENT_FUNDS,soft_user,14,2026-08-28 21:56:08,FAILED_AGAIN
txn_10007,cust_2270,4999,UPI_AUTOPAY,HDFC,MANDATE_REVOKED,hard_failure,12,2026-08-21 04:56:08,NONE
txn_10008,cust_2237,4999,NETBANKING,SBI,ISSUER_DOWN,soft_tech,18,2026-08-25 23:56:08,PAY_LATER
txn_10009,cust_2241,4999,NACH,KOTAK,GATEWAY_TIMEOUT,soft_tech,31,2026-08-22 13:56:08,CANCEL_REQUEST
txn_10010,cust_2258,299,CARD_RECURRING,KOTAK,INSUFFICIENT_FUNDS,soft_user,4,2026-08-20 21:56:08,CANCEL_REQUEST
txn_10011,cust_2339,1499,NACH,KOTAK,EXPIRED_CARD,hard_failure,10,2026-08-25 23:56:08,CANCEL_REQUEST
txn_10012,cust_2315,1499,NETBANKING,ICICI,MANDATE_REVOKED,hard_failure,17,2026-08-24 11:56:08,NONE
txn_10013,cust_2236,2999,NETBANKING,ICICI,INSUFFICIENT_FUNDS,soft_user,1,2026-08-22 23:56:08,NONE
txn_10014,cust_2043,4999,CARD_RECURRING,KOTAK,INSUFFICIENT_FUNDS,soft_user,15,2026-08-20 15:56:08,PAY_LATER
txn_10015,cust_2212,2999,NETBANKING,AXIS,INSUFFICIENT_FUNDS,soft_user,22,2026-08-26 12:56:08,NONE
txn_10016,cust_2242,1499,UPI_AUTOPAY,AXIS,INSUFFICIENT_FUNDS,soft_user,19,2026-08-24 07:56:08,FAILED_AGAIN
txn_10017,cust_2184,9999,CARD_RECURRING,ICICI,ISSUER_DOWN,soft_tech,6,2026-08-27 12:56:08,NONE
txn_10018,cust_2267,1499,NETBANKING,ICICI,ISSUER_DOWN,soft_tech,3,2026-08-28 11:56:08,PAY_LATER
txn_10019,cust_2208,299,CARD_RECURRING,ICICI,INSUFFICIENT_FUNDS,soft_user,28,2026-08-25 04:56:08,PAY_LATER
txn_10020,cust_2012,4999,UPI_AUTOPAY,SBI,ISSUER_DOWN,soft_tech,17,2026-08-24 09:56:08,ALREADY_PAID
txn_10021,cust_2275,999,NETBANKING,SBI,INSUFFICIENT_FUNDS,soft_user,20,2026-08-22 07:56:08,ALREADY_PAID
txn_10022,cust_2300,299,NETBANKING,ICICI,INSUFFICIENT_FUNDS,soft_user,2,2026-08-26 23:56:08,FAILED_AGAIN
txn_10023,cust_2343,299,CARD_RECURRING,HDFC,INSUFFICIENT_FUNDS,soft_user,21,2026-08-30 00:56:08,CANCEL_REQUEST
txn_10024,cust_2055,1499,CARD_RECURRING,HDFC,ISSUER_DOWN,soft_tech,21,2026-08-19 07:56:08,NONE
txn_10025,cust_2240,999,NACH,KOTAK,GATEWAY_TIMEOUT,soft_tech,17,2026-08-26 16:56:08,ALREADY_PAID
txn_10026,cust_2291,9999,UPI_AUTOPAY,KOTAK,INSUFFICIENT_FUNDS,soft_user,30,2026-08-30 06:56:08,FAILED_AGAIN
txn_10027,cust_2220,4999,CARD_RECURRING,SBI,ISSUER_DOWN,soft_tech,2,2026-08-26 04:56:08,NONE
txn_10028,cust_2144,9999,NACH,KOTAK,ISSUER_DOWN,soft_tech,8,2026-08-21 23:56:08,NONE
txn_10029,cust_2110,299,CARD_RECURRING,AXIS,INSUFFICIENT_FUNDS,soft_user,28,2026-08-20 02:56:08,NONE
txn_10030,cust_2244,999,NETBANKING,SBI,ISSUER_DOWN,soft_tech,7,2026-08-21 04:56:08,PAY_LATER
txn_10031,cust_2200,499,NACH,HDFC,INSUFFICIENT_FUNDS,soft_user,14,2026-08-30 05:56:08,FAILED_AGAIN
txn_10032,cust_2270,2999,NETBANKING,SBI,INSUFFICIENT_FUNDS,soft_user,33,2026-08-29 04:56:08,ALREADY_PAID
txn_10033,cust_2397,999,UPI_AUTOPAY,HDFC,EXPIRED_CARD,hard_failure,27,2026-08-30 07:56:08,NONE
txn_10034,cust_2368,299,NETBANKING,KOTAK,EXPIRED_CARD,hard_failure,22,2026-08-26 08:56:08,ALREADY_PAID
txn_10035,cust_2386,299,NACH,HDFC,MANDATE_REVOKED,hard_failure,21,2026-08-26 19:56:08,ALREADY_PAID
txn_10036,cust_2082,499,UPI_AUTOPAY,AXIS,INSUFFICIENT_FUNDS,soft_user,31,2026-08-18 09:56:08,PAY_LATER
txn_10037,cust_2023,299,CARD_RECURRING,ICICI,INSUFFICIENT_FUNDS,soft_user,13,2026-08-20 08:56:08,FAILED_AGAIN
txn_10038,cust_2158,499,UPI_AUTOPAY,AXIS,GATEWAY_TIMEOUT,soft_tech,31,2026-08-19 10:56:08,CANCEL_REQUEST
txn_10039,cust_2102,9999,CARD_RECURRING,HDFC,ISSUER_DOWN,soft_tech,12,2026-08-29 05:56:08,FAILED_AGAIN
txn_10040,cust_2203,9999,NETBANKING,AXIS,INSUFFICIENT_FUNDS,soft_user,12,2026-08-17 23:56:08,PAY_LATER
txn_10041,cust_2054,999,NACH,SBI,ISSUER_DOWN,soft_tech,16,2026-08-30 09:56:08,CANCEL_REQUEST
txn_10042,cust_2374,4999,UPI_AUTOPAY,AXIS,INSUFFICIENT_FUNDS,soft_user,21,2026-08-25 19:56:08,NONE
txn_10043,cust_2045,499,CARD_RECURRING,SBI,EXPIRED_CARD,hard_failure,13,2026-08-24 05:56:08,PAY_LATER
txn_10044,cust_2221,499,CARD_RECURRING,SBI,INSUFFICIENT_FUNDS,soft_user,18,2026-08-28 14:56:08,ALREADY_PAID
txn_10045,cust_2240,499,NACH,HDFC,GATEWAY_TIMEOUT,soft_tech,1,2026-08-23 13:56:08,ALREADY_PAID
txn_10046,cust_2344,299,NACH,AXIS,INSUFFICIENT_FUNDS,soft_user,16,2026-08-22 15:56:08,PAY_LATER
txn_10047,cust_2148,9999,NACH,KOTAK,ISSUER_DOWN,soft_tech,29,2026-08-27 04:56:08,CANCEL_REQUEST
txn_10048,cust_2101,499,NACH,AXIS,ISSUER_DOWN,soft_tech,31,2026-08-17 01:56:08,NONE
txn_10049,cust_2142,999,CARD_RECURRING,ICICI,INSUFFICIENT_FUNDS,soft_user,23,2026-08-28 11:56:08,PAY_LATER
txn_10050,cust_2248,999,NETBANKING,HDFC,EXPIRED_CARD,hard_failure,12,2026-08-17 03:56:08,PAY_LATER
txn_10051,cust_2166,4999,UPI_AUTOPAY,AXIS,GATEWAY_TIMEOUT,soft_tech,35,2026-08-21 03:56:08,ALREADY_PAID
txn_10052,cust_2177,9999,NETBANKING,SBI,EXPIRED_CARD,hard_failure,31,2026-08-28 04:56:08,FAILED_AGAIN
txn_10053,cust_2157,2999,NACH,ICICI,MANDATE_REVOKED,hard_failure,16,2026-08-22 02:56:08,PAY_LATER
txn_10054,cust_2179,2999,CARD_RECURRING,KOTAK,ISSUER_DOWN,soft_tech,25,2026-08-23 14:56:08,NONE
txn_10055,cust_2351,1499,NACH,SBI,EXPIRED_CARD,hard_failure,4,2026-08-29 03:56:08,PAY_LATER
txn_10056,cust_2109,9999,CARD_RECURRING,HDFC,INSUFFICIENT_FUNDS,soft_user,35,2026-08-17 03:56:08,NONE
txn_10057,cust_2227,299,NACH,ICICI,INSUFFICIENT_FUNDS,soft_user,21,2026-08-17 17:56:08,PAY_LATER
txn_10058,cust_2122,2999,NETBANKING,KOTAK,INSUFFICIENT_FUNDS,soft_user,33,2026-08-20 16:56:08,ALREADY_PAID
txn_10059,cust_2364,999,NETBANKING,HDFC,INSUFFICIENT_FUNDS,soft_user,29,2026-08-30 23:56:08,CANCEL_REQUEST
txn_10060,cust_2132,999,CARD_RECURRING,ICICI,INSUFFICIENT_FUNDS,soft_user,12,2026-08-21 12:56:08,NONE
txn_10061,cust_2029,999,UPI_AUTOPAY,KOTAK,INSUFFICIENT_FUNDS,soft_user,20,2026-08-30 01:56:08,ALREADY_PAID
txn_10062,cust_2055,9999,NETBANKING,SBI,MANDATE_REVOKED,hard_failure,9,2026-08-24 00:56:08,NONE
txn_10063,cust_2139,4999,CARD_RECURRING,SBI,INSUFFICIENT_FUNDS,soft_user,6,2026-08-26 01:56:08,NONE
txn_10064,cust_2138,2999,CARD_RECURRING,SBI,INSUFFICIENT_FUNDS,soft_user,26,2026-08-27 18:56:08,PAY_LATER
txn_10065,cust_2250,1499,NETBANKING,SBI,ISSUER_DOWN,soft_tech,26,2026-08-22 09:56:08,FAILED_AGAIN
txn_10066,cust_2120,9999,NACH,SBI,INSUFFICIENT_FUNDS,soft_user,28,2026-08-22 23:56:08,NONE
txn_10067,cust_2135,1499,NACH,AXIS,MANDATE_REVOKED,hard_failure,6,2026-08-24 16:56:08,CANCEL_REQUEST
txn_10068,cust_2262,999,NACH,HDFC,INSUFFICIENT_FUNDS,soft_user,2,2026-08-28 22:56:08,PAY_LATER
txn_10069,cust_2391,299,CARD_RECURRING,HDFC,EXPIRED_CARD,hard_failure,10,2026-08-26 15:56:08,PAY_LATER
txn_10070,cust_2076,999,CARD_RECURRING,HDFC,GATEWAY_TIMEOUT,soft_tech,6,2026-08-24 19:56:08,FAILED_AGAIN
txn_10071,cust_2142,2999,NACH,KOTAK,INSUFFICIENT_FUNDS,soft_user,26,2026-08-18 05:56:08,PAY_LATER
txn_10072,cust_2211,999,CARD_RECURRING,SBI,INSUFFICIENT_FUNDS,soft_user,4,2026-08-23 05:56:08,PAY_LATER
txn_10073,cust_2252,999,NETBANKING,SBI,MANDATE_REVOKED,hard_failure,12,2026-08-22 10:56:08,FAILED_AGAIN
txn_10074,cust_2399,999,NACH,KOTAK,GATEWAY_TIMEOUT,soft_tech,32,2026-08-27 21:56:08,CANCEL_REQUEST
txn_10075,cust_2041,499,NETBANKING,ICICI,GATEWAY_TIMEOUT,soft_tech,29,2026-08-29 06:56:08,PAY_LATER
txn_10076,cust_2280,1499,CARD_RECURRING,SBI,GATEWAY_TIMEOUT,soft_tech,20,2026-08-21 18:56:08,FAILED_AGAIN
txn_10077,cust_2388,1499,NACH,KOTAK,INSUFFICIENT_FUNDS,soft_user,4,2026-08-23 22:56:08,CANCEL_REQUEST
txn_10078,cust_2357,2999,NETBANKING,KOTAK,INSUFFICIENT_FUNDS,soft_user,36,2026-08-29 16:56:08,ALREADY_PAID
txn_10079,cust_2328,2999,NACH,KOTAK,INSUFFICIENT_FUNDS,soft_user,17,2026-08-20 22:56:08,NONE
txn_10080,cust_2085,1499,CARD_RECURRING,AXIS,MANDATE_REVOKED,hard_failure,11,2026-08-25 10:56:08,ALREADY_PAID
txn_10081,cust_2135,999,CARD_RECURRING,AXIS,ISSUER_DOWN,soft_tech,31,2026-08-25 11:56:08,CANCEL_REQUEST
txn_10082,cust_2058,2999,NACH,ICICI,INSUFFICIENT_FUNDS,soft_user,27,2026-08-26 06:56:08,PAY_LATER
txn_10083,cust_2086,299,NETBANKING,KOTAK,INSUFFICIENT_FUNDS,soft_user,15,2026-08-20 19:56:08,PAY_LATER
txn_10084,cust_2235,299,NACH,SBI,INSUFFICIENT_FUNDS,soft_user,8,2026-08-23 17:56:08,NONE
txn_10085,cust_2365,4999,NACH,KOTAK,INSUFFICIENT_FUNDS,soft_user,5,2026-08-24 14:56:08,ALREADY_PAID
txn_10086,cust_2051,9999,CARD_RECURRING,ICICI,GATEWAY_TIMEOUT,soft_tech,29,2026-08-23 19:56:08,CANCEL_REQUEST
txn_10087,cust_2369,4999,NACH,ICICI,ISSUER_DOWN,soft_tech,17,2026-08-24 15:56:08,CANCEL_REQUEST
txn_10088,cust_2142,2999,NETBANKING,SBI,MANDATE_REVOKED,hard_failure,15,2026-08-28 22:56:08,PAY_LATER
txn_10089,cust_2065,1499,NETBANKING,HDFC,ISSUER_DOWN,soft_tech,28,2026-08-18 14:56:08,NONE
txn_10090,cust_2070,1499,NACH,SBI,INSUFFICIENT_FUNDS,soft_user,29,2026-08-28 11:56:08,ALREADY_PAID
txn_10091,cust_2044,9999,UPI_AUTOPAY,SBI,GATEWAY_TIMEOUT,soft_tech,35,2026-08-23 09:56:08,ALREADY_PAID
txn_10092,cust_2129,299,NACH,HDFC,GATEWAY_TIMEOUT,soft_tech,10,2026-08-25 15:56:08,CANCEL_REQUEST
txn_10093,cust_2091,299,NETBANKING,HDFC,ISSUER_DOWN,soft_tech,22,2026-08-18 14:56:08,FAILED_AGAIN
txn_10094,cust_2150,2999,CARD_RECURRING,AXIS,GATEWAY_TIMEOUT,soft_tech,29,2026-08-23 15:56:08,ALREADY_PAID
txn_10095,cust_2057,2999,NACH,AXIS,ISSUER_DOWN,soft_tech,35,2026-08-27 09:56:08,PAY_LATER
txn_10096,cust_2246,999,NETBANKING,KOTAK,ISSUER_DOWN,soft_tech,15,2026-08-28 07:56:08,NONE
txn_10097,cust_2340,9999,CARD_RECURRING,KOTAK,ISSUER_DOWN,soft_tech,8,2026-08-23 20:56:08,CANCEL_REQUEST
txn_10098,cust_2123,999,CARD_RECURRING,AXIS,INSUFFICIENT_FUNDS,soft_user,5,2026-08-30 13:56:08,CANCEL_REQUEST
txn_10099,cust_2400,9999,CARD_RECURRING,AXIS,INSUFFICIENT_FUNDS,soft_user,20,2026-08-27 21:56:08,CANCEL_REQUEST
txn_10100,cust_2391,4999,UPI_AUTOPAY,AXIS,INSUFFICIENT_FUNDS,soft_user,18,2026-08-28 13:56:08,PAY_LATER
txn_10101,cust_2254,9999,NETBANKING,HDFC,ISSUER_DOWN,soft_tech,29,2026-08-17 11:56:08,ALREADY_PAID
txn_10102,cust_2355,299,CARD_RECURRING,AXIS,INSUFFICIENT_FUNDS,soft_user,14,2026-08-26 13:56:08,PAY_LATER
txn_10103,cust_2388,4999,NETBANKING,SBI,ISSUER_DOWN,soft_tech,10,2026-08-30 06:56:08,CANCEL_REQUEST
txn_10104,cust_2033,9999,CARD_RECURRING,KOTAK,EXPIRED_CARD,hard_failure,36,2026-08-20 11:56:08,FAILED_AGAIN
txn_10105,cust_2156,499,UPI_AUTOPAY,SBI,INSUFFICIENT_FUNDS,soft_user,22,2026-08-23 20:56:08,NONE
txn_10106,cust_2053,999,NACH,SBI,ISSUER_DOWN,soft_tech,34,2026-08-23 11:56:08,ALREADY_PAID
txn_10107,cust_2015,999,NETBANKING,KOTAK,GATEWAY_TIMEOUT,soft_tech,6,2026-08-24 23:56:08,NONE
txn_10108,cust_2147,999,NACH,SBI,INSUFFICIENT_FUNDS,soft_user,34,2026-08-29 04:56:08,FAILED_AGAIN
txn_10109,cust_2037,2999,NACH,SBI,INSUFFICIENT_FUNDS,soft_user,3,2026-08-29 19:56:08,PAY_LATER
txn_10110,cust_2140,9999,UPI_AUTOPAY,KOTAK,INSUFFICIENT_FUNDS,soft_user,19,2026-08-26 02:56:08,CANCEL_REQUEST
txn_10111,cust_2074,299,CARD_RECURRING,HDFC,INSUFFICIENT_FUNDS,soft_user,22,2026-08-18 15:56:08,ALREADY_PAID
txn_10112,cust_2255,4999,NACH,SBI,EXPIRED_CARD,hard_failure,6,2026-08-27 21:56:08,CANCEL_REQUEST
txn_10113,cust_2266,999,CARD_RECURRING,ICICI,MANDATE_REVOKED,hard_failure,35,2026-08-30 10:56:08,NONE
txn_10114,cust_2075,999,NACH,SBI,ISSUER_DOWN,soft_tech,23,2026-08-24 03:56:08,CANCEL_REQUEST
txn_10115,cust_2272,299,NETBANKING,HDFC,MANDATE_REVOKED,hard_failure,25,2026-08-26 08:56:08,CANCEL_REQUEST
txn_10116,cust_2172,499,CARD_RECURRING,HDFC,MANDATE_REVOKED,hard_failure,1,2026-08-22 02:56:08,CANCEL_REQUEST
txn_10117,cust_2056,499,UPI_AUTOPAY,SBI,INSUFFICIENT_FUNDS,soft_user,27,2026-08-26 03:56:08,PAY_LATER
txn_10118,cust_2104,9999,NETBANKING,KOTAK,MANDATE_REVOKED,hard_failure,31,2026-08-25 13:56:08,FAILED_AGAIN
txn_10119,cust_2260,2999,NETBANKING,SBI,ISSUER_DOWN,soft_tech,20,2026-08-24 20:56:08,ALREADY_PAID
txn_10120,cust_2232,499,NACH,SBI,MANDATE_REVOKED,hard_failure,14,2026-08-17 19:56:08,PAY_LATER
txn_10121,cust_2098,2999,NETBANKING,KOTAK,MANDATE_REVOKED,hard_failure,29,2026-08-28 15:56:08,FAILED_AGAIN
txn_10122,cust_2392,499,UPI_AUTOPAY,AXIS,INSUFFICIENT_FUNDS,soft_user,15,2026-08-30 02:56:08,NONE
txn_10123,cust_2333,499,CARD_RECURRING,KOTAK,INSUFFICIENT_FUNDS,soft_user,35,2026-08-19 20:56:08,CANCEL_REQUEST
txn_10124,cust_2189,4999,UPI_AUTOPAY,AXIS,INSUFFICIENT_FUNDS,soft_user,26,2026-08-19 06:56:08,NONE
txn_10125,cust_2062,2999,NETBANKING,KOTAK,ISSUER_DOWN,soft_tech,26,2026-08-22 06:56:08,NONE
txn_10126,cust_2087,2999,NETBANKING,SBI,MANDATE_REVOKED,hard_failure,31,2026-08-24 22:56:08,PAY_LATER
txn_10127,cust_2016,9999,NETBANKING,AXIS,MANDATE_REVOKED,hard_failure,28,2026-08-23 09:56:08,FAILED_AGAIN
txn_10128,cust_2332,9999,UPI_AUTOPAY,AXIS,INSUFFICIENT_FUNDS,soft_user,12,2026-08-18 00:56:08,CANCEL_REQUEST
txn_10129,cust_2202,1499,CARD_RECURRING,AXIS,ISSUER_DOWN,soft_tech,5,2026-08-18 10:56:08,PAY_LATER
txn_10130,cust_2369,299,UPI_AUTOPAY,KOTAK,ISSUER_DOWN,soft_tech,21,2026-08-23 23:56:08,CANCEL_REQUEST
txn_10131,cust_2097,999,NACH,AXIS,INSUFFICIENT_FUNDS,soft_user,22,2026-08-26 15:56:08,ALREADY_PAID
txn_10132,cust_2301,4999,NETBANKING,AXIS,INSUFFICIENT_FUNDS,soft_user,23,2026-08-18 19:56:08,FAILED_AGAIN
txn_10133,cust_2104,1499,CARD_RECURRING,SBI,INSUFFICIENT_FUNDS,soft_user,19,2026-08-30 11:56:08,PAY_LATER
txn_10134,cust_2012,1499,NACH,AXIS,EXPIRED_CARD,hard_failure,33,2026-08-28 03:56:08,CANCEL_REQUEST
txn_10135,cust_2092,2999,NETBANKING,ICICI,INSUFFICIENT_FUNDS,soft_user,6,2026-08-28 01:56:08,CANCEL_REQUEST
txn_10136,cust_2218,499,NETBANKING,AXIS,ISSUER_DOWN,soft_tech,31,2026-08-28 14:56:08,ALREADY_PAID
txn_10137,cust_2222,2999,NACH,KOTAK,GATEWAY_TIMEOUT,soft_tech,22,2026-08-20 00:56:08,FAILED_AGAIN
txn_10138,cust_2143,999,UPI_AUTOPAY,ICICI,INSUFFICIENT_FUNDS,soft_user,29,2026-08-20 23:56:08,FAILED_AGAIN
txn_10139,cust_2373,2999,CARD_RECURRING,ICICI,EXPIRED_CARD,hard_failure,24,2026-08-28 05:56:08,NONE
txn_10140,cust_2003,2999,CARD_RECURRING,HDFC,EXPIRED_CARD,hard_failure,2,2026-08-29 14:56:08,ALREADY_PAID
txn_10141,cust_2247,1499,CARD_RECURRING,HDFC,INSUFFICIENT_FUNDS,soft_user,32,2026-08-21 20:56:08,CANCEL_REQUEST
txn_10142,cust_2240,1499,UPI_AUTOPAY,SBI,ISSUER_DOWN,soft_tech,3,2026-08-25 17:56:08,CANCEL_REQUEST
txn_10143,cust_2044,299,CARD_RECURRING,HDFC,INSUFFICIENT_FUNDS,soft_user,11,2026-08-21 13:56:08,ALREADY_PAID
txn_10144,cust_2037,299,NACH,SBI,INSUFFICIENT_FUNDS,soft_user,34,2026-08-30 12:56:08,FAILED_AGAIN
txn_10145,cust_2374,2999,NETBANKING,SBI,INSUFFICIENT_FUNDS,soft_user,8,2026-08-28 23:56:08,FAILED_AGAIN
txn_10146,cust_2355,9999,NACH,AXIS,ISSUER_DOWN,soft_tech,27,2026-08-19 22:56:08,ALREADY_PAID
txn_10147,cust_2285,4999,UPI_AUTOPAY,SBI,ISSUER_DOWN,soft_tech,12,2026-08-26 20:56:08,PAY_LATER
txn_10148,cust_2357,2999,NETBANKING,AXIS,INSUFFICIENT_FUNDS,soft_user,18,2026-08-17 08:56:08,PAY_LATER
txn_10149,cust_2394,9999,NACH,KOTAK,INSUFFICIENT_FUNDS,soft_user,4,2026-08-27 15:56:08,CANCEL_REQUEST
txn_10150,cust_2205,1499,NETBANKING,HDFC,EXPIRED_CARD,hard_failure,26,2026-08-17 16:56:08,FAILED_AGAIN
txn_10151,cust_2110,299,UPI_AUTOPAY,KOTAK,INSUFFICIENT_FUNDS,soft_user,22,2026-08-17 21:56:08,NONE
txn_10152,cust_2112,4999,UPI_AUTOPAY,AXIS,INSUFFICIENT_FUNDS,soft_user,27,2026-08-21 16:56:08,PAY_LATER
txn_10153,cust_2278,999,CARD_RECURRING,SBI,ISSUER_DOWN,soft_tech,6,2026-08-20 10:56:08,ALREADY_PAID
txn_10154,cust_2119,1499,NACH,SBI,EXPIRED_CARD,hard_failure,8,2026-08-24 17:56:08,FAILED_AGAIN
txn_10155,cust_2036,499,NETBANKING,ICICI,INSUFFICIENT_FUNDS,soft_user,22,2026-08-23 04:56:08,ALREADY_PAID
txn_10156,cust_2260,299,CARD_RECURRING,HDFC,GATEWAY_TIMEOUT,soft_tech,3,2026-08-20 13:56:08,FAILED_AGAIN
txn_10157,cust_2337,499,CARD_RECURRING,HDFC,GATEWAY_TIMEOUT,soft_tech,8,2026-08-23 20:56:08,CANCEL_REQUEST
txn_10158,cust_2142,499,NETBANKING,ICICI,INSUFFICIENT_FUNDS,soft_user,34,2026-08-30 21:56:08,NONE
txn_10159,cust_2227,2999,CARD_RECURRING,AXIS,GATEWAY_TIMEOUT,soft_tech,5,2026-08-17 00:56:08,CANCEL_REQUEST
txn_10160,cust_2378,999,UPI_AUTOPAY,HDFC,INSUFFICIENT_FUNDS,soft_user,29,2026-08-23 20:56:08,NONE
txn_10161,cust_2229,4999,CARD_RECURRING,AXIS,ISSUER_DOWN,soft_tech,27,2026-08-26 15:56:08,NONE
txn_10162,cust_2103,9999,CARD_RECURRING,HDFC,ISSUER_DOWN,soft_tech,2,2026-08-29 15:56:08,ALREADY_PAID
txn_10163,cust_2267,1499,CARD_RECURRING,AXIS,ISSUER_DOWN,soft_tech,13,2026-08-28 17:56:08,FAILED_AGAIN
txn_10164,cust_2110,1499,CARD_RECURRING,HDFC,INSUFFICIENT_FUNDS,soft_user,14,2026-08-28 14:56:08,ALREADY_PAID
txn_10165,cust_2011,999,UPI_AUTOPAY,KOTAK,MANDATE_REVOKED,hard_failure,16,2026-08-23 06:56:08,CANCEL_REQUEST
txn_10166,cust_2084,1499,CARD_RECURRING,KOTAK,INSUFFICIENT_FUNDS,soft_user,14,2026-08-22 08:56:08,ALREADY_PAID
txn_10167,cust_2294,499,UPI_AUTOPAY,ICICI,INSUFFICIENT_FUNDS,soft_user,15,2026-08-27 04:56:08,PAY_LATER
txn_10168,cust_2397,4999,UPI_AUTOPAY,SBI,INSUFFICIENT_FUNDS,soft_user,34,2026-08-20 16:56:08,PAY_LATER
txn_10169,cust_2111,9999,NACH,KOTAK,ISSUER_DOWN,soft_tech,18,2026-08-26 10:56:08,PAY_LATER
txn_10170,cust_2233,999,UPI_AUTOPAY,AXIS,GATEWAY_TIMEOUT,soft_tech,8,2026-08-27 04:56:08,PAY_LATER
txn_10171,cust_2262,2999,NETBANKING,ICICI,INSUFFICIENT_FUNDS,soft_user,25,2026-08-19 03:56:08,FAILED_AGAIN
txn_10172,cust_2238,999,NACH,AXIS,ISSUER_DOWN,soft_tech,20,2026-08-29 16:56:08,ALREADY_PAID
txn_10173,cust_2003,9999,NETBANKING,KOTAK,INSUFFICIENT_FUNDS,soft_user,17,2026-08-28 19:56:08,FAILED_AGAIN
txn_10174,cust_2019,499,CARD_RECURRING,AXIS,ISSUER_DOWN,soft_tech,27,2026-08-22 13:56:08,NONE
txn_10175,cust_2215,499,NETBANKING,ICICI,INSUFFICIENT_FUNDS,soft_user,22,2026-08-17 18:56:08,CANCEL_REQUEST
txn_10176,cust_2393,299,NACH,HDFC,GATEWAY_TIMEOUT,soft_tech,26,2026-08-30 21:56:08,FAILED_AGAIN
txn_10177,cust_2056,999,NETBANKING,KOTAK,INSUFFICIENT_FUNDS,soft_user,26,2026-08-21 10:56:08,CANCEL_REQUEST
txn_10178,cust_2317,4999,CARD_RECURRING,HDFC,EXPIRED_CARD,hard_failure,15,2026-08-28 06:56:08,PAY_LATER
txn_10179,cust_2283,1499,UPI_AUTOPAY,AXIS,INSUFFICIENT_FUNDS,soft_user,35,2026-08-28 16:56:08,NONE
txn_10180,cust_2001,1499,UPI_AUTOPAY,SBI,INSUFFICIENT_FUNDS,soft_user,32,2026-08-25 20:56:08,CANCEL_REQUEST
txn_10181,cust_2153,9999,UPI_AUTOPAY,AXIS,INSUFFICIENT_FUNDS,soft_user,7,2026-08-24 14:56:08,CANCEL_REQUEST
txn_10182,cust_2386,299,UPI_AUTOPAY,SBI,EXPIRED_CARD,hard_failure,3,2026-08-26 03:56:08,CANCEL_REQUEST
txn_10183,cust_2171,9999,UPI_AUTOPAY,SBI,MANDATE_REVOKED,hard_failure,30,2026-08-17 00:56:08,PAY_LATER
txn_10184,cust_2190,9999,NETBANKING,KOTAK,INSUFFICIENT_FUNDS,soft_user,16,2026-08-28 13:56:08,CANCEL_REQUEST
txn_10185,cust_2299,1499,CARD_RECURRING,ICICI,GATEWAY_TIMEOUT,soft_tech,26,2026-08-23 12:56:08,ALREADY_PAID
txn_10186,cust_2049,499,NACH,HDFC,MANDATE_REVOKED,hard_failure,7,2026-08-23 02:56:08,ALREADY_PAID
txn_10187,cust_2257,1499,CARD_RECURRING,ICICI,ISSUER_DOWN,soft_tech,1,2026-08-23 20:56:08,PAY_LATER
txn_10188,cust_2091,999,NACH,AXIS,ISSUER_DOWN,soft_tech,15,2026-08-30 12:56:08,ALREADY_PAID
txn_10189,cust_2200,9999,CARD_RECURRING,SBI,INSUFFICIENT_FUNDS,soft_user,20,2026-08-23 07:56:08,ALREADY_PAID
txn_10190,cust_2314,999,NETBANKING,KOTAK,INSUFFICIENT_FUNDS,soft_user,18,2026-08-17 13:56:08,FAILED_AGAIN
txn_10191,cust_2280,4999,CARD_RECURRING,SBI,MANDATE_REVOKED,hard_failure,6,2026-08-28 03:56:08,NONE
txn_10192,cust_2399,1499,CARD_RECURRING,SBI,EXPIRED_CARD,hard_failure,33,2026-08-27 09:56:08,PAY_LATER
txn_10193,cust_2004,1499,NETBANKING,KOTAK,ISSUER_DOWN,soft_tech,18,2026-08-17 18:56:08,CANCEL_REQUEST
txn_10194,cust_2201,9999,NETBANKING,SBI,INSUFFICIENT_FUNDS,soft_user,7,2026-08-22 15:56:08,ALREADY_PAID
txn_10195,cust_2352,9999,NACH,HDFC,INSUFFICIENT_FUNDS,soft_user,30,2026-08-21 09:56:08,ALREADY_PAID
txn_10196,cust_2138,1499,CARD_RECURRING,KOTAK,GATEWAY_TIMEOUT,soft_tech,33,2026-08-23 07:56:08,NONE
txn_10197,cust_2376,1499,CARD_RECURRING,SBI,MANDATE_REVOKED,hard_failure,12,2026-08-25 20:56:08,CANCEL_REQUEST
txn_10198,cust_2084,2999,NETBANKING,HDFC,MANDATE_REVOKED,hard_failure,24,2026-08-22 04:56:08,NONE
txn_10199,cust_2156,1499,CARD_RECURRING,HDFC,GATEWAY_TIMEOUT,soft_tech,8,2026-08-18 17:56:08,NONE
txn_10200,cust_2044,999,NETBANKING,HDFC,ISSUER_DOWN,soft_tech,23,2026-08-30 15:56:08,CANCEL_REQUEST
txn_10201,cust_2272,4999,NETBANKING,KOTAK,INSUFFICIENT_FUNDS,soft_user,1,2026-08-22 00:56:08,CANCEL_REQUEST
txn_10202,cust_2141,499,CARD_RECURRING,KOTAK,INSUFFICIENT_FUNDS,soft_user,1,2026-08-28 19:56:08,CANCEL_REQUEST
txn_10203,cust_2251,499,CARD_RECURRING,KOTAK,MANDATE_REVOKED,hard_failure,13,2026-08-17 18:56:08,NONE
txn_10204,cust_2103,2999,UPI_AUTOPAY,ICICI,ISSUER_DOWN,soft_tech,10,2026-08-27 11:56:08,CANCEL_REQUEST
txn_10205,cust_2364,999,CARD_RECURRING,KOTAK,INSUFFICIENT_FUNDS,soft_user,7,2026-08-18 15:56:08,FAILED_AGAIN
txn_10206,cust_2327,4999,NETBANKING,ICICI,INSUFFICIENT_FUNDS,soft_user,17,2026-08-29 14:56:08,CANCEL_REQUEST
txn_10207,cust_2010,4999,NETBANKING,SBI,GATEWAY_TIMEOUT,soft_tech,18,2026-08-20 07:56:08,PAY_LATER
txn_10208,cust_2311,1499,CARD_RECURRING,HDFC,INSUFFICIENT_FUNDS,soft_user,17,2026-08-25 22:56:08,NONE
txn_10209,cust_2210,999,CARD_RECURRING,ICICI,INSUFFICIENT_FUNDS,soft_user,19,2026-08-22 13:56:08,CANCEL_REQUEST
txn_10210,cust_2047,4999,CARD_RECURRING,SBI,ISSUER_DOWN,soft_tech,12,2026-08-21 00:56:08,PAY_LATER
txn_10211,cust_2221,4999,NETBANKING,HDFC,GATEWAY_TIMEOUT,soft_tech,35,2026-08-25 16:56:08,CANCEL_REQUEST
txn_10212,cust_2122,4999,UPI_AUTOPAY,ICICI,GATEWAY_TIMEOUT,soft_tech,1,2026-08-27 02:56:08,ALREADY_PAID
txn_10213,cust_2302,4999,CARD_RECURRING,HDFC,INSUFFICIENT_FUNDS,soft_user,17,2026-08-19 07:56:08,PAY_LATER
txn_10214,cust_2382,299,NETBANKING,ICICI,GATEWAY_TIMEOUT,soft_tech,33,2026-08-17 20:56:08,ALREADY_PAID
txn_10215,cust_2001,9999,CARD_RECURRING,ICICI,INSUFFICIENT_FUNDS,soft_user,36,2026-08-30 17:56:08,PAY_LATER
txn_10216,cust_2097,499,NACH,AXIS,INSUFFICIENT_FUNDS,soft_user,31,2026-08-27 17:56:08,CANCEL_REQUEST
txn_10217,cust_2337,2999,CARD_RECURRING,ICICI,GATEWAY_TIMEOUT,soft_tech,35,2026-08-20 10:56:08,CANCEL_REQUEST
txn_10218,cust_2086,1499,CARD_RECURRING,AXIS,ISSUER_DOWN,soft_tech,34,2026-08-26 10:56:08,NONE
txn_10219,cust_2204,9999,UPI_AUTOPAY,HDFC,MANDATE_REVOKED,hard_failure,26,2026-08-18 18:56:08,NONE
txn_10220,cust_2310,499,NETBANKING,KOTAK,GATEWAY_TIMEOUT,soft_tech,34,2026-08-20 18:56:08,ALREADY_PAID
txn_10221,cust_2130,299,CARD_RECURRING,HDFC,ISSUER_DOWN,soft_tech,14,2026-08-21 14:56:08,PAY_LATER
txn_10222,cust_2297,2999,UPI_AUTOPAY,KOTAK,INSUFFICIENT_FUNDS,soft_user,35,2026-08-22 08:56:08,FAILED_AGAIN
txn_10223,cust_2316,999,UPI_AUTOPAY,ICICI,INSUFFICIENT_FUNDS,soft_user,7,2026-08-28 14:56:08,PAY_LATER
txn_10224,cust_2245,499,UPI_AUTOPAY,HDFC,INSUFFICIENT_FUNDS,soft_user,8,2026-08-23 05:56:08,ALREADY_PAID
txn_10225,cust_2249,1499,UPI_AUTOPAY,ICICI,INSUFFICIENT_FUNDS,soft_user,35,2026-08-17 10:56:08,NONE
txn_10226,cust_2372,999,CARD_RECURRING,SBI,EXPIRED_CARD,hard_failure,10,2026-08-19 15:56:08,CANCEL_REQUEST
txn_10227,cust_2037,9999,CARD_RECURRING,KOTAK,INSUFFICIENT_FUNDS,soft_user,30,2026-08-21 22:56:08,FAILED_AGAIN
txn_10228,cust_2043,499,UPI_AUTOPAY,KOTAK,MANDATE_REVOKED,hard_failure,29,2026-08-28 12:56:08,FAILED_AGAIN
txn_10229,cust_2011,999,NETBANKING,SBI,ISSUER_DOWN,soft_tech,22,2026-08-20 14:56:08,PAY_LATER
txn_10230,cust_2209,2999,NACH,HDFC,GATEWAY_TIMEOUT,soft_tech,3,2026-08-29 16:56:08,ALREADY_PAID
txn_10231,cust_2400,2999,UPI_AUTOPAY,SBI,ISSUER_DOWN,soft_tech,19,2026-08-18 19:56:08,ALREADY_PAID
txn_10232,cust_2187,1499,NACH,ICICI,ISSUER_DOWN,soft_tech,3,2026-08-18 20:56:08,CANCEL_REQUEST
txn_10233,cust_2391,4999,NETBANKING,KOTAK,ISSUER_DOWN,soft_tech,33,2026-08-30 05:56:08,ALREADY_PAID
txn_10234,cust_2021,4999,UPI_AUTOPAY,AXIS,INSUFFICIENT_FUNDS,soft_user,13,2026-08-26 20:56:08,FAILED_AGAIN
txn_10235,cust_2198,2999,UPI_AUTOPAY,KOTAK,GATEWAY_TIMEOUT,soft_tech,31,2026-08-17 20:56:08,PAY_LATER
txn_10236,cust_2291,999,UPI_AUTOPAY,AXIS,INSUFFICIENT_FUNDS,soft_user,26,2026-08-18 22:56:08,ALREADY_PAID
txn_10237,cust_2285,9999,CARD_RECURRING,SBI,INSUFFICIENT_FUNDS,soft_user,7,2026-08-28 00:56:08,CANCEL_REQUEST
txn_10238,cust_2334,999,CARD_RECURRING,KOTAK,ISSUER_DOWN,soft_tech,31,2026-08-29 19:56:08,CANCEL_REQUEST
txn_10239,cust_2164,499,CARD_RECURRING,KOTAK,INSUFFICIENT_FUNDS,soft_user,20,2026-08-23 13:56:08,CANCEL_REQUEST
txn_10240,cust_2057,4999,NACH,AXIS,EXPIRED_CARD,hard_failure,15,2026-08-20 22:56:08,ALREADY_PAID
txn_10241,cust_2247,999,NACH,SBI,EXPIRED_CARD,hard_failure,1,2026-08-22 23:56:08,PAY_LATER
txn_10242,cust_2013,1499,NETBANKING,AXIS,EXPIRED_CARD,hard_failure,22,2026-08-17 19:56:08,CANCEL_REQUEST
txn_10243,cust_2057,499,NACH,HDFC,INSUFFICIENT_FUNDS,soft_user,17,2026-08-29 10:56:08,ALREADY_PAID
txn_10244,cust_2007,2999,NETBANKING,KOTAK,INSUFFICIENT_FUNDS,soft_user,24,2026-08-30 08:56:08,CANCEL_REQUEST
txn_10245,cust_2174,4999,CARD_RECURRING,SBI,EXPIRED_CARD,hard_failure,18,2026-08-22 15:56:08,NONE
txn_10246,cust_2336,999,NETBANKING,KOTAK,ISSUER_DOWN,soft_tech,30,2026-08-25 15:56:08,FAILED_AGAIN
txn_10247,cust_2092,299,CARD_RECURRING,SBI,EXPIRED_CARD,hard_failure,4,2026-08-21 03:56:08,FAILED_AGAIN
txn_10248,cust_2063,4999,UPI_AUTOPAY,SBI,EXPIRED_CARD,hard_failure,26,2026-08-19 03:56:08,ALREADY_PAID
txn_10249,cust_2131,9999,NACH,AXIS,MANDATE_REVOKED,hard_failure,29,2026-08-28 10:56:08,CANCEL_REQUEST
txn_10250,cust_2150,499,NACH,KOTAK,INSUFFICIENT_FUNDS,soft_user,21,2026-08-23 16:56:08,PAY_LATER
txn_10251,cust_2330,1499,UPI_AUTOPAY,ICICI,INSUFFICIENT_FUNDS,soft_user,3,2026-08-28 03:56:08,FAILED_AGAIN
txn_10252,cust_2195,4999,NETBANKING,HDFC,MANDATE_REVOKED,hard_failure,15,2026-08-19 09:56:08,CANCEL_REQUEST
txn_10253,cust_2196,499,NACH,AXIS,INSUFFICIENT_FUNDS,soft_user,34,2026-08-18 16:56:08,NONE
txn_10254,cust_2235,9999,NACH,AXIS,INSUFFICIENT_FUNDS,soft_user,2,2026-08-27 22:56:08,NONE
txn_10255,cust_2378,299,CARD_RECURRING,KOTAK,ISSUER_DOWN,soft_tech,18,2026-08-26 05:56:08,FAILED_AGAIN
txn_10256,cust_2397,9999,NETBANKING,SBI,EXPIRED_CARD,hard_failure,19,2026-08-27 20:56:08,NONE
txn_10257,cust_2243,299,NETBANKING,AXIS,GATEWAY_TIMEOUT,soft_tech,15,2026-08-30 15:56:08,FAILED_AGAIN
txn_10258,cust_2076,4999,UPI_AUTOPAY,HDFC,ISSUER_DOWN,soft_tech,8,2026-08-24 01:56:08,FAILED_AGAIN
txn_10259,cust_2122,999,NACH,AXIS,INSUFFICIENT_FUNDS,soft_user,21,2026-08-24 15:56:08,FAILED_AGAIN
txn_10260,cust_2336,299,CARD_RECURRING,KOTAK,ISSUER_DOWN,soft_tech,29,2026-08-26 09:56:08,FAILED_AGAIN
txn_10261,cust_2056,4999,UPI_AUTOPAY,ICICI,EXPIRED_CARD,hard_failure,6,2026-08-19 01:56:08,PAY_LATER
txn_10262,cust_2295,2999,NETBANKING,ICICI,INSUFFICIENT_FUNDS,soft_user,5,2026-08-22 19:56:08,ALREADY_PAID
txn_10263,cust_2164,499,UPI_AUTOPAY,SBI,ISSUER_DOWN,soft_tech,23,2026-08-28 05:56:08,CANCEL_REQUEST
txn_10264,cust_2298,4999,NETBANKING,ICICI,MANDATE_REVOKED,hard_failure,10,2026-08-28 15:56:08,FAILED_AGAIN
txn_10265,cust_2240,299,UPI_AUTOPAY,KOTAK,GATEWAY_TIMEOUT,soft_tech,8,2026-08-29 23:56:08,NONE
txn_10266,cust_2103,4999,NACH,HDFC,GATEWAY_TIMEOUT,soft_tech,6,2026-08-29 09:56:08,FAILED_AGAIN
txn_10267,cust_2274,1499,NACH,KOTAK,GATEWAY_TIMEOUT,soft_tech,32,2026-08-18 12:56:08,PAY_LATER
txn_10268,cust_2285,299,UPI_AUTOPAY,ICICI,INSUFFICIENT_FUNDS,soft_user,36,2026-08-26 10:56:08,ALREADY_PAID
txn_10269,cust_2205,2999,NACH,KOTAK,INSUFFICIENT_FUNDS,soft_user,9,2026-08-27 17:56:08,FAILED_AGAIN
txn_10270,cust_2121,299,CARD_RECURRING,HDFC,MANDATE_REVOKED,hard_failure,18,2026-08-23 02:56:08,ALREADY_PAID
txn_10271,cust_2335,999,UPI_AUTOPAY,SBI,MANDATE_REVOKED,hard_failure,36,2026-08-23 05:56:08,PAY_LATER
txn_10272,cust_2394,499,CARD_RECURRING,ICICI,MANDATE_REVOKED,hard_failure,8,2026-08-28 12:56:08,ALREADY_PAID
txn_10273,cust_2186,4999,UPI_AUTOPAY,AXIS,EXPIRED_CARD,hard_failure,14,2026-08-22 15:56:08,ALREADY_PAID
txn_10274,cust_2363,1499,CARD_RECURRING,SBI,ISSUER_DOWN,soft_tech,34,2026-08-17 12:56:08,CANCEL_REQUEST
txn_10275,cust_2276,4999,NACH,ICICI,ISSUER_DOWN,soft_tech,24,2026-08-17 19:56:08,CANCEL_REQUEST
txn_10276,cust_2244,4999,NACH,AXIS,GATEWAY_TIMEOUT,soft_tech,26,2026-08-17 09:56:08,PAY_LATER
txn_10277,cust_2105,999,NETBANKING,SBI,ISSUER_DOWN,soft_tech,21,2026-08-30 22:56:08,PAY_LATER
txn_10278,cust_2058,1499,UPI_AUTOPAY,AXIS,GATEWAY_TIMEOUT,soft_tech,23,2026-08-22 02:56:08,ALREADY_PAID
txn_10279,cust_2070,999,CARD_RECURRING,AXIS,GATEWAY_TIMEOUT,soft_tech,25,2026-08-22 00:56:08,PAY_LATER
txn_10280,cust_2238,299,UPI_AUTOPAY,AXIS,MANDATE_REVOKED,hard_failure,31,2026-08-26 13:56:08,CANCEL_REQUEST
txn_10281,cust_2019,499,NACH,ICICI,INSUFFICIENT_FUNDS,soft_user,27,2026-08-17 06:56:08,ALREADY_PAID
txn_10282,cust_2165,9999,CARD_RECURRING,HDFC,INSUFFICIENT_FUNDS,soft_user,3,2026-08-21 14:56:08,NONE
txn_10283,cust_2375,999,UPI_AUTOPAY,AXIS,INSUFFICIENT_FUNDS,soft_user,4,2026-08-30 23:56:08,PAY_LATER
txn_10284,cust_2019,999,NETBANKING,KOTAK,ISSUER_DOWN,soft_tech,21,2026-08-26 18:56:08,NONE
txn_10285,cust_2007,2999,NETBANKING,AXIS,INSUFFICIENT_FUNDS,soft_user,9,2026-08-24 21:56:08,FAILED_AGAIN
txn_10286,cust_2090,1499,NETBANKING,AXIS,ISSUER_DOWN,soft_tech,34,2026-08-19 00:56:08,FAILED_AGAIN
txn_10287,cust_2230,9999,NETBANKING,AXIS,ISSUER_DOWN,soft_tech,28,2026-08-23 08:56:08,CANCEL_REQUEST
txn_10288,cust_2007,299,CARD_RECURRING,ICICI,INSUFFICIENT_FUNDS,soft_user,7,2026-08-20 11:56:08,ALREADY_PAID
txn_10289,cust_2011,1499,CARD_RECURRING,AXIS,ISSUER_DOWN,soft_tech,23,2026-08-28 22:56:08,ALREADY_PAID
txn_10290,cust_2289,999,NACH,KOTAK,INSUFFICIENT_FUNDS,soft_user,36,2026-08-27 06:56:08,NONE
txn_10291,cust_2253,4999,NACH,SBI,INSUFFICIENT_FUNDS,soft_user,11,2026-08-28 17:56:08,PAY_LATER
txn_10292,cust_2046,9999,NETBANKING,KOTAK,MANDATE_REVOKED,hard_failure,11,2026-08-28 15:56:08,CANCEL_REQUEST
txn_10293,cust_2063,1499,NACH,ICICI,INSUFFICIENT_FUNDS,soft_user,27,2026-08-17 15:56:08,ALREADY_PAID
txn_10294,cust_2258,999,NACH,SBI,INSUFFICIENT_FUNDS,soft_user,4,2026-08-21 22:56:08,NONE
txn_10295,cust_2174,499,CARD_RECURRING,AXIS,ISSUER_DOWN,soft_tech,33,2026-08-26 05:56:08,CANCEL_REQUEST
txn_10296,cust_2141,9999,UPI_AUTOPAY,HDFC,GATEWAY_TIMEOUT,soft_tech,30,2026-08-17 09:56:08,ALREADY_PAID
txn_10297,cust_2075,499,UPI_AUTOPAY,HDFC,INSUFFICIENT_FUNDS,soft_user,13,2026-08-23 01:56:08,ALREADY_PAID
txn_10298,cust_2177,2999,UPI_AUTOPAY,SBI,ISSUER_DOWN,soft_tech,7,2026-08-27 17:56:08,ALREADY_PAID
txn_10299,cust_2123,299,NACH,ICICI,INSUFFICIENT_FUNDS,soft_user,3,2026-08-18 12:56:08,NONE
txn_10300,cust_2273,499,NETBANKING,ICICI,INSUFFICIENT_FUNDS,soft_user,4,2026-08-30 16:56:08,ALREADY_PAID
txn_10301,cust_2186,1499,NETBANKING,ICICI,ISSUER_DOWN,soft_tech,25,2026-08-28 21:56:08,PAY_LATER
txn_10302,cust_2047,499,UPI_AUTOPAY,SBI,ISSUER_DOWN,soft_tech,6,2026-08-23 17:56:08,ALREADY_PAID
txn_10303,cust_2110,1499,NACH,AXIS,ISSUER_DOWN,soft_tech,20,2026-08-29 19:56:08,CANCEL_REQUEST
txn_10304,cust_2258,9999,NACH,SBI,GATEWAY_TIMEOUT,soft_tech,3,2026-08-21 06:56:08,CANCEL_REQUEST
txn_10305,cust_2017,999,NACH,HDFC,EXPIRED_CARD,hard_failure,21,2026-08-20 09:56:08,FAILED_AGAIN
txn_10306,cust_2054,2999,NACH,KOTAK,ISSUER_DOWN,soft_tech,28,2026-08-21 20:56:08,CANCEL_REQUEST
txn_10307,cust_2349,499,NETBANKING,ICICI,INSUFFICIENT_FUNDS,soft_user,18,2026-08-28 03:56:08,CANCEL_REQUEST
txn_10308,cust_2021,4999,CARD_RECURRING,KOTAK,GATEWAY_TIMEOUT,soft_tech,5,2026-08-18 23:56:08,CANCEL_REQUEST
txn_10309,cust_2084,999,NETBANKING,SBI,INSUFFICIENT_FUNDS,soft_user,16,2026-08-22 05:56:08,NONE
txn_10310,cust_2276,1499,NACH,KOTAK,ISSUER_DOWN,soft_tech,13,2026-08-21 05:56:08,CANCEL_REQUEST
txn_10311,cust_2039,1499,UPI_AUTOPAY,ICICI,INSUFFICIENT_FUNDS,soft_user,13,2026-08-27 12:56:08,FAILED_AGAIN
txn_10312,cust_2188,1499,NETBANKING,ICICI,INSUFFICIENT_FUNDS,soft_user,1,2026-08-24 01:56:08,ALREADY_PAID
txn_10313,cust_2397,1499,UPI_AUTOPAY,HDFC,EXPIRED_CARD,hard_failure,13,2026-08-28 16:56:08,FAILED_AGAIN
txn_10314,cust_2249,2999,CARD_RECURRING,AXIS,MANDATE_REVOKED,hard_failure,24,2026-08-24 10:56:08,CANCEL_REQUEST
txn_10315,cust_2039,2999,CARD_RECURRING,KOTAK,GATEWAY_TIMEOUT,soft_tech,25,2026-08-27 02:56:08,FAILED_AGAIN
txn_10316,cust_2327,999,UPI_AUTOPAY,SBI,ISSUER_DOWN,soft_tech,35,2026-08-20 08:56:08,CANCEL_REQUEST
txn_10317,cust_2353,499,CARD_RECURRING,KOTAK,INSUFFICIENT_FUNDS,soft_user,9,2026-08-27 02:56:08,CANCEL_REQUEST
txn_10318,cust_2386,9999,CARD_RECURRING,KOTAK,INSUFFICIENT_FUNDS,soft_user,12,2026-08-30 20:56:08,FAILED_AGAIN
txn_10319,cust_2351,999,CARD_RECURRING,SBI,INSUFFICIENT_FUNDS,soft_user,2,2026-08-19 22:56:08,FAILED_AGAIN
txn_10320,cust_2294,9999,NACH,SBI,ISSUER_DOWN,soft_tech,36,2026-08-29 06:56:08,PAY_LATER
txn_10321,cust_2205,4999,CARD_RECURRING,HDFC,GATEWAY_TIMEOUT,soft_tech,6,2026-08-22 03:56:08,ALREADY_PAID
txn_10322,cust_2374,999,UPI_AUTOPAY,HDFC,GATEWAY_TIMEOUT,soft_tech,23,2026-08-29 08:56:08,CANCEL_REQUEST
txn_10323,cust_2005,2999,UPI_AUTOPAY,HDFC,INSUFFICIENT_FUNDS,soft_user,8,2026-08-17 14:56:08,CANCEL_REQUEST
txn_10324,cust_2256,999,CARD_RECURRING,ICICI,EXPIRED_CARD,hard_failure,12,2026-08-26 05:56:08,PAY_LATER
txn_10325,cust_2231,2999,UPI_AUTOPAY,ICICI,GATEWAY_TIMEOUT,soft_tech,1,2026-08-27 04:56:08,FAILED_AGAIN
txn_10326,cust_2311,499,NETBANKING,HDFC,ISSUER_DOWN,soft_tech,31,2026-08-20 02:56:08,ALREADY_PAID
txn_10327,cust_2006,499,UPI_AUTOPAY,SBI,ISSUER_DOWN,soft_tech,26,2026-08-23 19:56:08,PAY_LATER
txn_10328,cust_2214,999,NACH,SBI,ISSUER_DOWN,soft_tech,7,2026-08-29 02:56:08,NONE
txn_10329,cust_2338,499,NETBANKING,ICICI,INSUFFICIENT_FUNDS,soft_user,21,2026-08-30 03:56:08,FAILED_AGAIN
txn_10330,cust_2238,999,UPI_AUTOPAY,HDFC,INSUFFICIENT_FUNDS,soft_user,16,2026-08-27 02:56:08,FAILED_AGAIN
txn_10331,cust_2040,999,NACH,HDFC,GATEWAY_TIMEOUT,soft_tech,10,2026-08-23 06:56:08,ALREADY_PAID
txn_10332,cust_2328,2999,CARD_RECURRING,ICICI,INSUFFICIENT_FUNDS,soft_user,21,2026-08-22 22:56:08,ALREADY_PAID
txn_10333,cust_2310,1499,CARD_RECURRING,AXIS,INSUFFICIENT_FUNDS,soft_user,25,2026-08-22 08:56:08,NONE
txn_10334,cust_2073,4999,CARD_RECURRING,AXIS,INSUFFICIENT_FUNDS,soft_user,18,2026-08-18 22:56:08,FAILED_AGAIN
txn_10335,cust_2090,999,CARD_RECURRING,ICICI,INSUFFICIENT_FUNDS,soft_user,20,2026-08-29 02:56:08,NONE
txn_10336,cust_2343,2999,NACH,SBI,MANDATE_REVOKED,hard_failure,17,2026-08-30 17:56:08,CANCEL_REQUEST
txn_10337,cust_2067,499,CARD_RECURRING,HDFC,GATEWAY_TIMEOUT,soft_tech,28,2026-08-18 04:56:08,NONE
txn_10338,cust_2075,1499,UPI_AUTOPAY,HDFC,ISSUER_DOWN,soft_tech,23,2026-08-19 04:56:08,NONE
txn_10339,cust_2177,999,CARD_RECURRING,KOTAK,INSUFFICIENT_FUNDS,soft_user,25,2026-08-20 09:56:08,PAY_LATER
txn_10340,cust_2136,4999,NETBANKING,ICICI,ISSUER_DOWN,soft_tech,14,2026-08-18 16:56:08,PAY_LATER
txn_10341,cust_2099,1499,CARD_RECURRING,KOTAK,ISSUER_DOWN,soft_tech,29,2026-08-19 15:56:08,FAILED_AGAIN
txn_10342,cust_2052,9999,UPI_AUTOPAY,SBI,INSUFFICIENT_FUNDS,soft_user,10,2026-08-17 03:56:08,CANCEL_REQUEST
txn_10343,cust_2314,499,CARD_RECURRING,KOTAK,ISSUER_DOWN,soft_tech,25,2026-08-23 08:56:08,ALREADY_PAID
txn_10344,cust_2329,2999,CARD_RECURRING,AXIS,INSUFFICIENT_FUNDS,soft_user,10,2026-08-30 14:56:08,PAY_LATER
txn_10345,cust_2391,4999,NACH,HDFC,ISSUER_DOWN,soft_tech,21,2026-08-20 07:56:08,FAILED_AGAIN
txn_10346,cust_2172,2999,NETBANKING,AXIS,ISSUER_DOWN,soft_tech,36,2026-08-30 00:56:08,NONE
txn_10347,cust_2185,2999,UPI_AUTOPAY,ICICI,INSUFFICIENT_FUNDS,soft_user,33,2026-08-18 02:56:08,CANCEL_REQUEST
txn_10348,cust_2347,1499,NETBANKING,AXIS,INSUFFICIENT_FUNDS,soft_user,10,2026-08-29 04:56:08,FAILED_AGAIN
txn_10349,cust_2013,9999,UPI_AUTOPAY,KOTAK,ISSUER_DOWN,soft_tech,26,2026-08-21 04:56:08,ALREADY_PAID
txn_10350,cust_2190,999,UPI_AUTOPAY,KOTAK,ISSUER_DOWN,soft_tech,12,2026-08-25 03:56:08,FAILED_AGAIN
txn_10351,cust_2277,9999,NETBANKING,AXIS,MANDATE_REVOKED,hard_failure,28,2026-08-18 02:56:08,NONE
txn_10352,cust_2366,499,CARD_RECURRING,AXIS,GATEWAY_TIMEOUT,soft_tech,22,2026-08-24 21:56:08,NONE
txn_10353,cust_2363,9999,NACH,KOTAK,INSUFFICIENT_FUNDS,soft_user,12,2026-08-17 16:56:08,CANCEL_REQUEST
txn_10354,cust_2120,1499,UPI_AUTOPAY,AXIS,INSUFFICIENT_FUNDS,soft_user,24,2026-08-18 00:56:08,NONE
txn_10355,cust_2171,4999,CARD_RECURRING,KOTAK,ISSUER_DOWN,soft_tech,8,2026-08-25 06:56:08,ALREADY_PAID
txn_10356,cust_2379,9999,CARD_RECURRING,HDFC,INSUFFICIENT_FUNDS,soft_user,2,2026-08-23 17:56:08,PAY_LATER
txn_10357,cust_2390,4999,UPI_AUTOPAY,HDFC,ISSUER_DOWN,soft_tech,32,2026-08-21 17:56:08,NONE
txn_10358,cust_2396,999,NETBANKING,HDFC,EXPIRED_CARD,hard_failure,19,2026-08-26 01:56:08,CANCEL_REQUEST
txn_10359,cust_2154,499,CARD_RECURRING,HDFC,ISSUER_DOWN,soft_tech,18,2026-08-23 22:56:08,ALREADY_PAID
txn_10360,cust_2302,1499,CARD_RECURRING,KOTAK,INSUFFICIENT_FUNDS,soft_user,18,2026-08-25 06:56:08,FAILED_AGAIN
txn_10361,cust_2382,499,UPI_AUTOPAY,SBI,ISSUER_DOWN,soft_tech,21,2026-08-17 09:56:08,ALREADY_PAID
txn_10362,cust_2051,9999,UPI_AUTOPAY,SBI,ISSUER_DOWN,soft_tech,30,2026-08-23 20:56:08,NONE
txn_10363,cust_2097,999,CARD_RECURRING,SBI,ISSUER_DOWN,soft_tech,30,2026-08-19 18:56:08,NONE
txn_10364,cust_2219,499,CARD_RECURRING,KOTAK,EXPIRED_CARD,hard_failure,26,2026-08-27 05:56:08,PAY_LATER
txn_10365,cust_2384,2999,NETBANKING,ICICI,INSUFFICIENT_FUNDS,soft_user,14,2026-08-23 10:56:08,ALREADY_PAID
txn_10366,cust_2128,9999,CARD_RECURRING,AXIS,EXPIRED_CARD,hard_failure,22,2026-08-26 17:56:08,PAY_LATER
txn_10367,cust_2080,2999,NACH,KOTAK,EXPIRED_CARD,hard_failure,7,2026-08-20 04:56:08,FAILED_AGAIN
txn_10368,cust_2084,2999,UPI_AUTOPAY,KOTAK,INSUFFICIENT_FUNDS,soft_user,34,2026-08-20 13:56:08,FAILED_AGAIN
txn_10369,cust_2182,999,CARD_RECURRING,HDFC,INSUFFICIENT_FUNDS,soft_user,2,2026-08-20 11:56:08,NONE
txn_10370,cust_2258,2999,UPI_AUTOPAY,ICICI,INSUFFICIENT_FUNDS,soft_user,36,2026-08-21 07:56:08,FAILED_AGAIN
txn_10371,cust_2315,299,NACH,KOTAK,INSUFFICIENT_FUNDS,soft_user,31,2026-08-17 00:56:08,ALREADY_PAID
txn_10372,cust_2112,9999,NETBANKING,HDFC,INSUFFICIENT_FUNDS,soft_user,2,2026-08-25 08:56:08,ALREADY_PAID
txn_10373,cust_2227,499,UPI_AUTOPAY,KOTAK,GATEWAY_TIMEOUT,soft_tech,17,2026-08-24 05:56:08,PAY_LATER
txn_10374,cust_2261,299,NACH,SBI,INSUFFICIENT_FUNDS,soft_user,2,2026-08-17 22:56:08,FAILED_AGAIN
txn_10375,cust_2039,1499,CARD_RECURRING,HDFC,INSUFFICIENT_FUNDS,soft_user,19,2026-08-24 04:56:08,ALREADY_PAID
txn_10376,cust_2191,999,UPI_AUTOPAY,ICICI,MANDATE_REVOKED,hard_failure,6,2026-08-27 18:56:08,CANCEL_REQUEST
txn_10377,cust_2123,999,CARD_RECURRING,KOTAK,INSUFFICIENT_FUNDS,soft_user,34,2026-08-23 06:56:08,ALREADY_PAID
txn_10378,cust_2172,9999,NETBANKING,SBI,MANDATE_REVOKED,hard_failure,35,2026-08-30 23:56:08,FAILED_AGAIN
txn_10379,cust_2155,1499,CARD_RECURRING,AXIS,INSUFFICIENT_FUNDS,soft_user,14,2026-08-23 17:56:08,NONE
txn_10380,cust_2085,299,CARD_RECURRING,AXIS,INSUFFICIENT_FUNDS,soft_user,36,2026-08-26 22:56:08,ALREADY_PAID
txn_10381,cust_2117,2999,CARD_RECURRING,HDFC,GATEWAY_TIMEOUT,soft_tech,22,2026-08-19 21:56:08,FAILED_AGAIN
txn_10382,cust_2042,1499,NACH,SBI,ISSUER_DOWN,soft_tech,13,2026-08-22 14:56:08,ALREADY_PAID
txn_10383,cust_2387,1499,UPI_AUTOPAY,AXIS,MANDATE_REVOKED,hard_failure,6,2026-08-26 00:56:08,FAILED_AGAIN
txn_10384,cust_2252,4999,CARD_RECURRING,KOTAK,GATEWAY_TIMEOUT,soft_tech,19,2026-08-25 01:56:08,FAILED_AGAIN
txn_10385,cust_2094,4999,NACH,SBI,MANDATE_REVOKED,hard_failure,6,2026-08-19 17:56:08,ALREADY_PAID
txn_10386,cust_2024,999,UPI_AUTOPAY,SBI,INSUFFICIENT_FUNDS,soft_user,31,2026-08-23 18:56:08,FAILED_AGAIN
txn_10387,cust_2353,9999,NACH,AXIS,INSUFFICIENT_FUNDS,soft_user,8,2026-08-20 00:56:08,PAY_LATER
txn_10388,cust_2365,299,NACH,AXIS,GATEWAY_TIMEOUT,soft_tech,32,2026-08-18 03:56:08,PAY_LATER
txn_10389,cust_2195,499,NETBANKING,SBI,MANDATE_REVOKED,hard_failure,30,2026-08-27 23:56:08,FAILED_AGAIN
txn_10390,cust_2385,1499,NACH,SBI,EXPIRED_CARD,hard_failure,18,2026-08-26 05:56:08,PAY_LATER
txn_10391,cust_2160,2999,UPI_AUTOPAY,KOTAK,ISSUER_DOWN,soft_tech,3,2026-08-22 19:56:08,NONE
txn_10392,cust_2020,1499,CARD_RECURRING,SBI,INSUFFICIENT_FUNDS,soft_user,19,2026-08-21 21:56:08,CANCEL_REQUEST
txn_10393,cust_2067,299,NACH,ICICI,GATEWAY_TIMEOUT,soft_tech,20,2026-08-27 23:56:08,FAILED_AGAIN
txn_10394,cust_2217,299,CARD_RECURRING,HDFC,INSUFFICIENT_FUNDS,soft_user,25,2026-08-25 05:56:08,CANCEL_REQUEST
txn_10395,cust_2355,2999,NETBANKING,ICICI,EXPIRED_CARD,hard_failure,10,2026-08-23 19:56:08,FAILED_AGAIN
txn_10396,cust_2078,299,NETBANKING,KOTAK,MANDATE_REVOKED,hard_failure,24,2026-08-19 23:56:08,NONE
txn_10397,cust_2124,1499,CARD_RECURRING,AXIS,ISSUER_DOWN,soft_tech,30,2026-08-18 11:56:08,PAY_LATER
txn_10398,cust_2374,9999,NETBANKING,KOTAK,GATEWAY_TIMEOUT,soft_tech,24,2026-08-26 02:56:08,PAY_LATER
txn_10399,cust_2178,299,UPI_AUTOPAY,ICICI,GATEWAY_TIMEOUT,soft_tech,7,2026-08-25 10:56:08,CANCEL_REQUEST
txn_10400,cust_2288,299,UPI_AUTOPAY,HDFC,INSUFFICIENT_FUNDS,soft_user,11,2026-08-28 16:56:08,CANCEL_REQUEST
txn_10401,cust_2397,499,UPI_AUTOPAY,ICICI,EXPIRED_CARD,hard_failure,31,2026-08-21 23:56:08,FAILED_AGAIN
txn_10402,cust_2064,9999,NETBANKING,SBI,ISSUER_DOWN,soft_tech,36,2026-08-30 11:56:08,ALREADY_PAID
txn_10403,cust_2163,2999,NACH,KOTAK,MANDATE_REVOKED,hard_failure,21,2026-08-22 11:56:08,NONE
txn_10404,cust_2174,2999,NACH,KOTAK,INSUFFICIENT_FUNDS,soft_user,32,2026-08-20 02:56:08,CANCEL_REQUEST
txn_10405,cust_2253,499,NACH,AXIS,MANDATE_REVOKED,hard_failure,5,2026-08-25 09:56:08,PAY_LATER
txn_10406,cust_2062,1499,NETBANKING,SBI,INSUFFICIENT_FUNDS,soft_user,11,2026-08-29 08:56:08,PAY_LATER
txn_10407,cust_2146,499,NACH,HDFC,INSUFFICIENT_FUNDS,soft_user,14,2026-08-21 22:56:08,CANCEL_REQUEST
txn_10408,cust_2252,9999,CARD_RECURRING,AXIS,EXPIRED_CARD,hard_failure,12,2026-08-23 04:56:08,PAY_LATER
txn_10409,cust_2254,999,NACH,AXIS,INSUFFICIENT_FUNDS,soft_user,10,2026-08-22 05:56:08,FAILED_AGAIN
txn_10410,cust_2106,9999,NETBANKING,KOTAK,INSUFFICIENT_FUNDS,soft_user,9,2026-08-17 16:56:08,FAILED_AGAIN
txn_10411,cust_2292,2999,NACH,AXIS,EXPIRED_CARD,hard_failure,14,2026-08-23 20:56:08,NONE
txn_10412,cust_2305,499,NETBANKING,ICICI,EXPIRED_CARD,hard_failure,10,2026-08-30 09:56:08,PAY_LATER
txn_10413,cust_2243,4999,CARD_RECURRING,ICICI,ISSUER_DOWN,soft_tech,24,2026-08-24 14:56:08,PAY_LATER
txn_10414,cust_2187,999,CARD_RECURRING,AXIS,ISSUER_DOWN,soft_tech,18,2026-08-27 08:56:08,CANCEL_REQUEST
txn_10415,cust_2288,9999,UPI_AUTOPAY,HDFC,ISSUER_DOWN,soft_tech,29,2026-08-18 05:56:08,CANCEL_REQUEST
txn_10416,cust_2208,999,CARD_RECURRING,HDFC,INSUFFICIENT_FUNDS,soft_user,24,2026-08-29 22:56:08,CANCEL_REQUEST
txn_10417,cust_2338,299,UPI_AUTOPAY,AXIS,INSUFFICIENT_FUNDS,soft_user,20,2026-08-20 10:56:08,PAY_LATER
txn_10418,cust_2317,9999,NACH,SBI,GATEWAY_TIMEOUT,soft_tech,30,2026-08-28 03:56:08,CANCEL_REQUEST
txn_10419,cust_2023,4999,NACH,KOTAK,GATEWAY_TIMEOUT,soft_tech,25,2026-08-27 17:56:08,NONE
txn_10420,cust_2140,4999,NACH,ICICI,GATEWAY_TIMEOUT,soft_tech,1,2026-08-17 17:56:08,PAY_LATER
txn_10421,cust_2255,1499,UPI_AUTOPAY,ICICI,GATEWAY_TIMEOUT,soft_tech,35,2026-08-18 11:56:08,ALREADY_PAID
txn_10422,cust_2093,299,NETBANKING,HDFC,INSUFFICIENT_FUNDS,soft_user,27,2026-08-23 01:56:08,NONE
txn_10423,cust_2264,1499,NETBANKING,KOTAK,ISSUER_DOWN,soft_tech,34,2026-08-19 06:56:08,FAILED_AGAIN
txn_10424,cust_2176,499,NETBANKING,KOTAK,INSUFFICIENT_FUNDS,soft_user,32,2026-08-23 11:56:08,CANCEL_REQUEST
txn_10425,cust_2049,2999,NACH,SBI,ISSUER_DOWN,soft_tech,32,2026-08-27 00:56:08,PAY_LATER
txn_10426,cust_2352,4999,NETBANKING,KOTAK,ISSUER_DOWN,soft_tech,19,2026-08-30 04:56:08,PAY_LATER
txn_10427,cust_2106,2999,NACH,ICICI,MANDATE_REVOKED,hard_failure,5,2026-08-28 18:56:08,PAY_LATER
txn_10428,cust_2189,999,NETBANKING,SBI,INSUFFICIENT_FUNDS,soft_user,31,2026-08-22 18:56:08,NONE
txn_10429,cust_2078,2999,CARD_RECURRING,KOTAK,INSUFFICIENT_FUNDS,soft_user,17,2026-08-22 07:56:08,CANCEL_REQUEST
txn_10430,cust_2204,2999,NACH,AXIS,INSUFFICIENT_FUNDS,soft_user,33,2026-08-20 21:56:08,ALREADY_PAID
txn_10431,cust_2022,9999,CARD_RECURRING,HDFC,GATEWAY_TIMEOUT,soft_tech,6,2026-08-17 04:56:08,CANCEL_REQUEST
txn_10432,cust_2064,999,NACH,SBI,ISSUER_DOWN,soft_tech,4,2026-08-25 01:56:08,CANCEL_REQUEST
txn_10433,cust_2249,2999,UPI_AUTOPAY,HDFC,INSUFFICIENT_FUNDS,soft_user,7,2026-08-27 13:56:08,PAY_LATER
txn_10434,cust_2226,4999,NETBANKING,KOTAK,INSUFFICIENT_FUNDS,soft_user,27,2026-08-24 05:56:08,NONE
txn_10435,cust_2111,299,UPI_AUTOPAY,AXIS,GATEWAY_TIMEOUT,soft_tech,22,2026-08-24 07:56:08,FAILED_AGAIN
txn_10436,cust_2014,4999,CARD_RECURRING,HDFC,INSUFFICIENT_FUNDS,soft_user,11,2026-08-20 12:56:08,ALREADY_PAID
txn_10437,cust_2341,9999,UPI_AUTOPAY,ICICI,MANDATE_REVOKED,hard_failure,33,2026-08-25 21:56:08,ALREADY_PAID
txn_10438,cust_2261,9999,UPI_AUTOPAY,ICICI,GATEWAY_TIMEOUT,soft_tech,2,2026-08-27 00:56:08,FAILED_AGAIN
txn_10439,cust_2172,4999,NACH,KOTAK,INSUFFICIENT_FUNDS,soft_user,33,2026-08-24 10:56:08,PAY_LATER
txn_10440,cust_2371,2999,NACH,HDFC,INSUFFICIENT_FUNDS,soft_user,7,2026-08-25 10:56:08,FAILED_AGAIN
txn_10441,cust_2292,1499,NACH,AXIS,EXPIRED_CARD,hard_failure,32,2026-08-21 04:56:08,NONE
txn_10442,cust_2350,9999,UPI_AUTOPAY,SBI,INSUFFICIENT_FUNDS,soft_user,35,2026-08-17 00:56:08,ALREADY_PAID
txn_10443,cust_2188,299,NACH,SBI,INSUFFICIENT_FUNDS,soft_user,11,2026-08-29 06:56:08,PAY_LATER
txn_10444,cust_2254,2999,NACH,HDFC,MANDATE_REVOKED,hard_failure,1,2026-08-26 08:56:08,FAILED_AGAIN
txn_10445,cust_2167,2999,UPI_AUTOPAY,AXIS,EXPIRED_CARD,hard_failure,23,2026-08-21 07:56:08,ALREADY_PAID
txn_10446,cust_2164,9999,CARD_RECURRING,HDFC,EXPIRED_CARD,hard_failure,2,2026-08-21 15:56:08,FAILED_AGAIN
txn_10447,cust_2204,1499,CARD_RECURRING,ICICI,GATEWAY_TIMEOUT,soft_tech,28,2026-08-26 23:56:08,CANCEL_REQUEST
txn_10448,cust_2156,4999,CARD_RECURRING,SBI,INSUFFICIENT_FUNDS,soft_user,20,2026-08-26 15:56:08,ALREADY_PAID
txn_10449,cust_2366,4999,NACH,ICICI,INSUFFICIENT_FUNDS,soft_user,30,2026-08-30 06:56:08,CANCEL_REQUEST
txn_10450,cust_2022,4999,NACH,SBI,GATEWAY_TIMEOUT,soft_tech,2,2026-08-28 17:56:08,FAILED_AGAIN
txn_10451,cust_2283,499,NETBANKING,SBI,ISSUER_DOWN,soft_tech,17,2026-08-25 16:56:08,CANCEL_REQUEST
txn_10452,cust_2243,999,CARD_RECURRING,SBI,ISSUER_DOWN,soft_tech,17,2026-08-24 23:56:08,FAILED_AGAIN
txn_10453,cust_2022,9999,NETBANKING,AXIS,EXPIRED_CARD,hard_failure,19,2026-08-24 01:56:08,CANCEL_REQUEST
txn_10454,cust_2132,9999,NACH,HDFC,INSUFFICIENT_FUNDS,soft_user,22,2026-08-29 18:56:08,NONE
txn_10455,cust_2221,999,NACH,KOTAK,ISSUER_DOWN,soft_tech,28,2026-08-21 02:56:08,NONE
txn_10456,cust_2090,999,NETBANKING,SBI,INSUFFICIENT_FUNDS,soft_user,28,2026-08-23 21:56:08,ALREADY_PAID
txn_10457,cust_2085,9999,NETBANKING,AXIS,ISSUER_DOWN,soft_tech,9,2026-08-26 03:56:08,ALREADY_PAID
txn_10458,cust_2086,4999,CARD_RECURRING,AXIS,INSUFFICIENT_FUNDS,soft_user,34,2026-08-19 19:56:08,PAY_LATER
txn_10459,cust_2139,499,CARD_RECURRING,KOTAK,INSUFFICIENT_FUNDS,soft_user,26,2026-08-25 07:56:08,CANCEL_REQUEST
txn_10460,cust_2326,299,NETBANKING,HDFC,INSUFFICIENT_FUNDS,soft_user,15,2026-08-30 06:56:08,NONE
txn_10461,cust_2090,4999,CARD_RECURRING,AXIS,ISSUER_DOWN,soft_tech,36,2026-08-29 10:56:08,ALREADY_PAID
txn_10462,cust_2032,499,UPI_AUTOPAY,SBI,GATEWAY_TIMEOUT,soft_tech,30,2026-08-19 10:56:08,PAY_LATER
txn_10463,cust_2057,999,NETBANKING,HDFC,ISSUER_DOWN,soft_tech,11,2026-08-18 21:56:08,ALREADY_PAID
txn_10464,cust_2294,1499,NACH,KOTAK,EXPIRED_CARD,hard_failure,20,2026-08-21 17:56:08,CANCEL_REQUEST
txn_10465,cust_2174,999,UPI_AUTOPAY,HDFC,INSUFFICIENT_FUNDS,soft_user,29,2026-08-29 17:56:08,CANCEL_REQUEST
txn_10466,cust_2233,499,CARD_RECURRING,AXIS,INSUFFICIENT_FUNDS,soft_user,23,2026-08-24 13:56:08,PAY_LATER
txn_10467,cust_2073,4999,CARD_RECURRING,KOTAK,MANDATE_REVOKED,hard_failure,36,2026-08-25 22:56:08,NONE
txn_10468,cust_2159,1499,NETBANKING,SBI,INSUFFICIENT_FUNDS,soft_user,27,2026-08-21 00:56:08,FAILED_AGAIN
txn_10469,cust_2377,2999,NETBANKING,AXIS,EXPIRED_CARD,hard_failure,31,2026-08-26 02:56:08,NONE
txn_10470,cust_2385,9999,NETBANKING,SBI,INSUFFICIENT_FUNDS,soft_user,19,2026-08-23 23:56:08,ALREADY_PAID
txn_10471,cust_2023,2999,CARD_RECURRING,AXIS,EXPIRED_CARD,hard_failure,21,2026-08-20 01:56:08,ALREADY_PAID
txn_10472,cust_2002,4999,CARD_RECURRING,SBI,INSUFFICIENT_FUNDS,soft_user,17,2026-08-20 19:56:08,NONE
txn_10473,cust_2205,299,NACH,SBI,MANDATE_REVOKED,hard_failure,23,2026-08-21 04:56:08,CANCEL_REQUEST
txn_10474,cust_2303,999,NACH,KOTAK,ISSUER_DOWN,soft_tech,35,2026-08-25 17:56:08,NONE
txn_10475,cust_2275,999,NETBANKING,ICICI,EXPIRED_CARD,hard_failure,36,2026-08-19 10:56:08,NONE
txn_10476,cust_2236,299,UPI_AUTOPAY,HDFC,INSUFFICIENT_FUNDS,soft_user,12,2026-08-21 05:56:08,CANCEL_REQUEST
txn_10477,cust_2263,299,UPI_AUTOPAY,AXIS,ISSUER_DOWN,soft_tech,24,2026-08-22 02:56:08,NONE
txn_10478,cust_2312,1499,NACH,SBI,EXPIRED_CARD,hard_failure,5,2026-08-20 20:56:08,PAY_LATER
txn_10479,cust_2073,9999,NACH,HDFC,ISSUER_DOWN,soft_tech,21,2026-08-18 13:56:08,NONE
txn_10480,cust_2380,9999,NACH,ICICI,ISSUER_DOWN,soft_tech,1,2026-08-29 22:56:08,NONE
txn_10481,cust_2171,999,NETBANKING,HDFC,GATEWAY_TIMEOUT,soft_tech,8,2026-08-20 14:56:08,PAY_LATER
txn_10482,cust_2060,2999,CARD_RECURRING,SBI,ISSUER_DOWN,soft_tech,24,2026-08-19 21:56:08,ALREADY_PAID
txn_10483,cust_2041,9999,NACH,SBI,ISSUER_DOWN,soft_tech,3,2026-08-25 12:56:08,NONE
txn_10484,cust_2131,2999,CARD_RECURRING,HDFC,ISSUER_DOWN,soft_tech,22,2026-08-19 13:56:08,NONE
txn_10485,cust_2378,4999,NETBANKING,AXIS,EXPIRED_CARD,hard_failure,2,2026-08-20 17:56:08,FAILED_AGAIN
txn_10486,cust_2195,9999,CARD_RECURRING,AXIS,INSUFFICIENT_FUNDS,soft_user,18,2026-08-26 01:56:08,PAY_LATER
txn_10487,cust_2107,299,UPI_AUTOPAY,AXIS,INSUFFICIENT_FUNDS,soft_user,17,2026-08-27 09:56:08,ALREADY_PAID
txn_10488,cust_2065,4999,NETBANKING,SBI,EXPIRED_CARD,hard_failure,35,2026-08-26 09:56:08,PAY_LATER
txn_10489,cust_2259,1499,UPI_AUTOPAY,AXIS,MANDATE_REVOKED,hard_failure,15,2026-08-18 02:56:08,NONE
txn_10490,cust_2094,4999,NACH,KOTAK,ISSUER_DOWN,soft_tech,36,2026-08-18 11:56:08,PAY_LATER
txn_10491,cust_2372,4999,NETBANKING,SBI,ISSUER_DOWN,soft_tech,24,2026-08-27 18:56:08,CANCEL_REQUEST
txn_10492,cust_2310,299,NACH,ICICI,INSUFFICIENT_FUNDS,soft_user,18,2026-08-22 04:56:08,NONE
txn_10493,cust_2161,9999,UPI_AUTOPAY,KOTAK,INSUFFICIENT_FUNDS,soft_user,4,2026-08-27 01:56:08,FAILED_AGAIN
txn_10494,cust_2118,299,NETBANKING,ICICI,ISSUER_DOWN,soft_tech,27,2026-08-24 14:56:08,CANCEL_REQUEST
txn_10495,cust_2036,499,NACH,ICICI,INSUFFICIENT_FUNDS,soft_user,5,2026-08-19 02:56:08,NONE
txn_10496,cust_2021,999,UPI_AUTOPAY,SBI,ISSUER_DOWN,soft_tech,22,2026-08-23 22:56:08,CANCEL_REQUEST
txn_10497,cust_2207,4999,NACH,ICICI,INSUFFICIENT_FUNDS,soft_user,5,2026-08-29 10:56:08,CANCEL_REQUEST
txn_10498,cust_2098,9999,NACH,KOTAK,EXPIRED_CARD,hard_failure,16,2026-08-23 06:56:08,ALREADY_PAID
txn_10499,cust_2336,2999,NETBANKING,SBI,EXPIRED_CARD,hard_failure,33,2026-08-27 15:56:08,CANCEL_REQUEST
txn_10500,cust_2164,1499,CARD_RECURRING,AXIS,GATEWAY_TIMEOUT,soft_tech,31,2026-08-30 21:56:08,CANCEL_REQUEST
txn_10501,cust_2297,9999,UPI_AUTOPAY,ICICI,ISSUER_DOWN,soft_tech,26,2026-08-23 11:56:08,FAILED_AGAIN
txn_10502,cust_2095,9999,UPI_AUTOPAY,HDFC,INSUFFICIENT_FUNDS,soft_user,17,2026-08-25 02:56:08,ALREADY_PAID
txn_10503,cust_2112,1499,CARD_RECURRING,ICICI,MANDATE_REVOKED,hard_failure,5,2026-08-20 10:56:08,ALREADY_PAID
txn_10504,cust_2221,4999,NACH,KOTAK,GATEWAY_TIMEOUT,soft_tech,15,2026-08-26 18:56:08,PAY_LATER
txn_10505,cust_2003,499,CARD_RECURRING,KOTAK,INSUFFICIENT_FUNDS,soft_user,4,2026-08-28 02:56:08,CANCEL_REQUEST
txn_10506,cust_2297,499,NACH,SBI,EXPIRED_CARD,hard_failure,23,2026-08-18 06:56:08,PAY_LATER
txn_10507,cust_2269,999,UPI_AUTOPAY,AXIS,MANDATE_REVOKED,hard_failure,17,2026-08-18 22:56:08,FAILED_AGAIN
txn_10508,cust_2084,999,NACH,SBI,EXPIRED_CARD,hard_failure,23,2026-08-28 08:56:08,ALREADY_PAID
txn_10509,cust_2168,499,CARD_RECURRING,AXIS,GATEWAY_TIMEOUT,soft_tech,5,2026-08-25 22:56:08,PAY_LATER
txn_10510,cust_2129,299,UPI_AUTOPAY,ICICI,ISSUER_DOWN,soft_tech,21,2026-08-21 07:56:08,ALREADY_PAID
txn_10511,cust_2210,4999,NETBANKING,SBI,ISSUER_DOWN,soft_tech,32,2026-08-24 00:56:08,PAY_LATER
txn_10512,cust_2313,4999,CARD_RECURRING,KOTAK,EXPIRED_CARD,hard_failure,19,2026-08-27 15:56:08,PAY_LATER
txn_10513,cust_2058,4999,NETBANKING,AXIS,MANDATE_REVOKED,hard_failure,22,2026-08-21 20:56:08,PAY_LATER
txn_10514,cust_2183,299,NACH,HDFC,INSUFFICIENT_FUNDS,soft_user,19,2026-08-22 01:56:08,CANCEL_REQUEST
txn_10515,cust_2009,499,NACH,ICICI,INSUFFICIENT_FUNDS,soft_user,10,2026-08-19 18:56:08,ALREADY_PAID
txn_10516,cust_2327,2999,CARD_RECURRING,SBI,INSUFFICIENT_FUNDS,soft_user,17,2026-08-23 11:56:08,NONE
txn_10517,cust_2124,1499,NACH,ICICI,MANDATE_REVOKED,hard_failure,2,2026-08-22 09:56:08,CANCEL_REQUEST
txn_10518,cust_2348,9999,UPI_AUTOPAY,KOTAK,EXPIRED_CARD,hard_failure,13,2026-08-29 20:56:08,CANCEL_REQUEST
txn_10519,cust_2196,299,CARD_RECURRING,KOTAK,INSUFFICIENT_FUNDS,soft_user,15,2026-08-29 15:56:08,FAILED_AGAIN
txn_10520,cust_2343,2999,NETBANKING,HDFC,ISSUER_DOWN,soft_tech,10,2026-08-26 21:56:08,PAY_LATER
txn_10521,cust_2204,4999,NACH,ICICI,INSUFFICIENT_FUNDS,soft_user,27,2026-08-25 14:56:08,CANCEL_REQUEST
txn_10522,cust_2347,4999,NACH,KOTAK,EXPIRED_CARD,hard_failure,34,2026-08-23 04:56:08,FAILED_AGAIN
txn_10523,cust_2248,4999,UPI_AUTOPAY,SBI,MANDATE_REVOKED,hard_failure,11,2026-08-20 23:56:08,FAILED_AGAIN
txn_10524,cust_2351,499,NACH,AXIS,MANDATE_REVOKED,hard_failure,31,2026-08-29 00:56:08,FAILED_AGAIN
txn_10525,cust_2172,299,CARD_RECURRING,SBI,ISSUER_DOWN,soft_tech,18,2026-08-28 22:56:08,ALREADY_PAID
txn_10526,cust_2383,9999,NETBANKING,KOTAK,ISSUER_DOWN,soft_tech,8,2026-08-23 06:56:08,NONE
txn_10527,cust_2088,999,UPI_AUTOPAY,SBI,INSUFFICIENT_FUNDS,soft_user,22,2026-08-19 09:56:08,CANCEL_REQUEST
txn_10528,cust_2302,299,NACH,HDFC,INSUFFICIENT_FUNDS,soft_user,13,2026-08-26 23:56:08,FAILED_AGAIN
txn_10529,cust_2050,1499,UPI_AUTOPAY,HDFC,MANDATE_REVOKED,hard_failure,2,2026-08-27 22:56:08,ALREADY_PAID
txn_10530,cust_2050,2999,NACH,ICICI,MANDATE_REVOKED,hard_failure,25,2026-08-20 19:56:08,NONE
txn_10531,cust_2380,499,NACH,AXIS,EXPIRED_CARD,hard_failure,9,2026-08-23 04:56:08,NONE
txn_10532,cust_2044,9999,CARD_RECURRING,KOTAK,EXPIRED_CARD,hard_failure,13,2026-08-21 15:56:08,PAY_LATER
txn_10533,cust_2361,2999,UPI_AUTOPAY,AXIS,ISSUER_DOWN,soft_tech,7,2026-08-19 23:56:08,FAILED_AGAIN
txn_10534,cust_2195,2999,UPI_AUTOPAY,AXIS,GATEWAY_TIMEOUT,soft_tech,1,2026-08-26 10:56:08,PAY_LATER
txn_10535,cust_2013,999,NETBANKING,SBI,EXPIRED_CARD,hard_failure,2,2026-08-25 05:56:08,CANCEL_REQUEST
txn_10536,cust_2140,9999,UPI_AUTOPAY,SBI,MANDATE_REVOKED,hard_failure,4,2026-08-23 04:56:08,CANCEL_REQUEST
txn_10537,cust_2107,2999,NETBANKING,SBI,INSUFFICIENT_FUNDS,soft_user,29,2026-08-17 01:56:08,NONE
txn_10538,cust_2086,2999,UPI_AUTOPAY,SBI,ISSUER_DOWN,soft_tech,22,2026-08-27 03:56:08,ALREADY_PAID
txn_10539,cust_2338,499,CARD_RECURRING,AXIS,INSUFFICIENT_FUNDS,soft_user,23,2026-08-22 16:56:08,CANCEL_REQUEST
txn_10540,cust_2025,999,NETBANKING,HDFC,EXPIRED_CARD,hard_failure,5,2026-08-22 21:56:08,CANCEL_REQUEST
txn_10541,cust_2318,1499,CARD_RECURRING,ICICI,ISSUER_DOWN,soft_tech,29,2026-08-22 19:56:08,CANCEL_REQUEST
txn_10542,cust_2348,299,NETBANKING,ICICI,INSUFFICIENT_FUNDS,soft_user,8,2026-08-20 20:56:08,PAY_LATER
txn_10543,cust_2060,2999,CARD_RECURRING,SBI,GATEWAY_TIMEOUT,soft_tech,34,2026-08-30 21:56:08,CANCEL_REQUEST
txn_10544,cust_2046,1499,CARD_RECURRING,AXIS,ISSUER_DOWN,soft_tech,24,2026-08-17 10:56:08,FAILED_AGAIN
txn_10545,cust_2248,1499,NETBANKING,KOTAK,INSUFFICIENT_FUNDS,soft_user,21,2026-08-23 04:56:08,ALREADY_PAID
txn_10546,cust_2015,9999,UPI_AUTOPAY,SBI,INSUFFICIENT_FUNDS,soft_user,3,2026-08-30 11:56:08,NONE
txn_10547,cust_2350,1499,UPI_AUTOPAY,ICICI,GATEWAY_TIMEOUT,soft_tech,3,2026-08-25 07:56:08,ALREADY_PAID
txn_10548,cust_2308,9999,CARD_RECURRING,KOTAK,ISSUER_DOWN,soft_tech,9,2026-08-24 03:56:08,NONE
txn_10549,cust_2136,1499,CARD_RECURRING,ICICI,GATEWAY_TIMEOUT,soft_tech,24,2026-08-22 02:56:08,ALREADY_PAID
txn_10550,cust_2096,999,UPI_AUTOPAY,HDFC,ISSUER_DOWN,soft_tech,28,2026-08-25 06:56:08,PAY_LATER
txn_10551,cust_2032,4999,UPI_AUTOPAY,KOTAK,MANDATE_REVOKED,hard_failure,34,2026-08-27 04:56:08,NONE
txn_10552,cust_2322,9999,NETBANKING,ICICI,ISSUER_DOWN,soft_tech,24,2026-08-27 00:56:08,ALREADY_PAID
txn_10553,cust_2211,999,CARD_RECURRING,SBI,ISSUER_DOWN,soft_tech,35,2026-08-18 01:56:08,NONE
txn_10554,cust_2355,2999,UPI_AUTOPAY,ICICI,MANDATE_REVOKED,hard_failure,35,2026-08-22 00:56:08,CANCEL_REQUEST
txn_10555,cust_2163,1499,NETBANKING,ICICI,ISSUER_DOWN,soft_tech,34,2026-08-27 13:56:08,FAILED_AGAIN
txn_10556,cust_2288,9999,CARD_RECURRING,ICICI,INSUFFICIENT_FUNDS,soft_user,1,2026-08-28 13:56:08,NONE
txn_10557,cust_2208,499,NETBANKING,SBI,INSUFFICIENT_FUNDS,soft_user,30,2026-08-22 03:56:08,PAY_LATER
txn_10558,cust_2177,9999,NACH,SBI,GATEWAY_TIMEOUT,soft_tech,4,2026-08-28 14:56:08,NONE
txn_10559,cust_2042,1499,NACH,HDFC,ISSUER_DOWN,soft_tech,8,2026-08-19 07:56:08,PAY_LATER
txn_10560,cust_2040,2999,NETBANKING,KOTAK,GATEWAY_TIMEOUT,soft_tech,24,2026-08-27 07:56:08,CANCEL_REQUEST
txn_10561,cust_2053,499,NETBANKING,SBI,INSUFFICIENT_FUNDS,soft_user,26,2026-08-29 04:56:08,NONE
txn_10562,cust_2056,999,NETBANKING,SBI,INSUFFICIENT_FUNDS,soft_user,4,2026-08-25 14:56:08,FAILED_AGAIN
txn_10563,cust_2120,2999,UPI_AUTOPAY,HDFC,INSUFFICIENT_FUNDS,soft_user,15,2026-08-20 07:56:08,CANCEL_REQUEST
txn_10564,cust_2058,999,UPI_AUTOPAY,KOTAK,INSUFFICIENT_FUNDS,soft_user,25,2026-08-28 14:56:08,ALREADY_PAID
txn_10565,cust_2096,499,NACH,ICICI,ISSUER_DOWN,soft_tech,26,2026-08-25 10:56:08,FAILED_AGAIN
txn_10566,cust_2378,2999,NETBANKING,AXIS,INSUFFICIENT_FUNDS,soft_user,11,2026-08-21 18:56:08,CANCEL_REQUEST
txn_10567,cust_2029,999,NACH,SBI,ISSUER_DOWN,soft_tech,19,2026-08-19 03:56:08,CANCEL_REQUEST
txn_10568,cust_2181,2999,NACH,HDFC,EXPIRED_CARD,hard_failure,36,2026-08-18 19:56:08,CANCEL_REQUEST
txn_10569,cust_2207,4999,NETBANKING,AXIS,INSUFFICIENT_FUNDS,soft_user,14,2026-08-27 14:56:08,NONE
txn_10570,cust_2265,1499,NACH,KOTAK,ISSUER_DOWN,soft_tech,16,2026-08-21 05:56:08,FAILED_AGAIN
txn_10571,cust_2379,1499,UPI_AUTOPAY,KOTAK,GATEWAY_TIMEOUT,soft_tech,33,2026-08-23 13:56:08,CANCEL_REQUEST
txn_10572,cust_2057,999,NACH,HDFC,INSUFFICIENT_FUNDS,soft_user,30,2026-08-25 02:56:08,ALREADY_PAID
txn_10573,cust_2014,9999,CARD_RECURRING,ICICI,ISSUER_DOWN,soft_tech,7,2026-08-29 10:56:08,PAY_LATER
txn_10574,cust_2383,499,NACH,SBI,MANDATE_REVOKED,hard_failure,7,2026-08-29 11:56:08,CANCEL_REQUEST
txn_10575,cust_2018,9999,NETBANKING,SBI,EXPIRED_CARD,hard_failure,1,2026-08-20 07:56:08,PAY_LATER
txn_10576,cust_2326,1499,NETBANKING,AXIS,INSUFFICIENT_FUNDS,soft_user,32,2026-08-18 05:56:08,PAY_LATER
txn_10577,cust_2336,9999,CARD_RECURRING,ICICI,EXPIRED_CARD,hard_failure,4,2026-08-19 06:56:08,PAY_LATER
txn_10578,cust_2186,499,NETBANKING,SBI,ISSUER_DOWN,soft_tech,13,2026-08-26 11:56:08,CANCEL_REQUEST
txn_10579,cust_2111,9999,NETBANKING,AXIS,INSUFFICIENT_FUNDS,soft_user,8,2026-08-22 22:56:08,ALREADY_PAID
txn_10580,cust_2267,9999,NACH,ICICI,ISSUER_DOWN,soft_tech,4,2026-08-22 18:56:08,PAY_LATER
txn_10581,cust_2187,499,NETBANKING,ICICI,EXPIRED_CARD,hard_failure,19,2026-08-22 11:56:08,CANCEL_REQUEST
txn_10582,cust_2128,499,UPI_AUTOPAY,SBI,ISSUER_DOWN,soft_tech,22,2026-08-29 12:56:08,NONE
txn_10583,cust_2318,2999,NETBANKING,KOTAK,INSUFFICIENT_FUNDS,soft_user,10,2026-08-30 04:56:08,ALREADY_PAID
txn_10584,cust_2220,299,CARD_RECURRING,ICICI,ISSUER_DOWN,soft_tech,29,2026-08-23 11:56:08,FAILED_AGAIN
txn_10585,cust_2029,299,NACH,HDFC,INSUFFICIENT_FUNDS,soft_user,21,2026-08-30 01:56:08,ALREADY_PAID
txn_10586,cust_2394,2999,NETBANKING,KOTAK,INSUFFICIENT_FUNDS,soft_user,2,2026-08-19 09:56:08,PAY_LATER
txn_10587,cust_2374,299,CARD_RECURRING,ICICI,INSUFFICIENT_FUNDS,soft_user,21,2026-08-17 15:56:08,ALREADY_PAID
txn_10588,cust_2095,1499,NACH,AXIS,INSUFFICIENT_FUNDS,soft_user,9,2026-08-26 11:56:08,ALREADY_PAID
txn_10589,cust_2222,299,UPI_AUTOPAY,SBI,INSUFFICIENT_FUNDS,soft_user,27,2026-08-20 09:56:08,FAILED_AGAIN
txn_10590,cust_2108,4999,UPI_AUTOPAY,SBI,INSUFFICIENT_FUNDS,soft_user,15,2026-08-25 16:56:08,CANCEL_REQUEST
txn_10591,cust_2279,2999,NETBANKING,SBI,ISSUER_DOWN,soft_tech,2,2026-08-27 17:56:08,PAY_LATER
txn_10592,cust_2154,499,NACH,AXIS,INSUFFICIENT_FUNDS,soft_user,20,2026-08-24 13:56:08,ALREADY_PAID
txn_10593,cust_2364,299,NETBANKING,SBI,INSUFFICIENT_FUNDS,soft_user,4,2026-08-28 11:56:08,FAILED_AGAIN
txn_10594,cust_2275,499,CARD_RECURRING,SBI,MANDATE_REVOKED,hard_failure,19,2026-08-25 15:56:08,PAY_LATER
txn_10595,cust_2080,9999,NACH,SBI,ISSUER_DOWN,soft_tech,16,2026-08-29 20:56:08,CANCEL_REQUEST
txn_10596,cust_2377,4999,CARD_RECURRING,HDFC,GATEWAY_TIMEOUT,soft_tech,30,2026-08-30 12:56:08,ALREADY_PAID
txn_10597,cust_2391,4999,CARD_RECURRING,KOTAK,INSUFFICIENT_FUNDS,soft_user,18,2026-08-25 13:56:08,FAILED_AGAIN
txn_10598,cust_2094,499,UPI_AUTOPAY,SBI,INSUFFICIENT_FUNDS,soft_user,5,2026-08-19 10:56:08,FAILED_AGAIN
txn_10599,cust_2074,1499,NETBANKING,SBI,INSUFFICIENT_FUNDS,soft_user,27,2026-08-29 13:56:08,NONE
txn_10600,cust_2318,4999,UPI_AUTOPAY,HDFC,INSUFFICIENT_FUNDS,soft_user,20,2026-08-25 05:56:08,PAY_LATER
txn_10601,cust_2277,2999,NACH,AXIS,INSUFFICIENT_FUNDS,soft_user,26,2026-08-27 21:56:08,ALREADY_PAID
txn_10602,cust_2156,9999,UPI_AUTOPAY,HDFC,INSUFFICIENT_FUNDS,soft_user,34,2026-08-23 08:56:08,FAILED_AGAIN
txn_10603,cust_2328,9999,NACH,HDFC,INSUFFICIENT_FUNDS,soft_user,32,2026-08-20 22:56:08,NONE
txn_10604,cust_2350,4999,CARD_RECURRING,ICICI,INSUFFICIENT_FUNDS,soft_user,13,2026-08-19 10:56:08,CANCEL_REQUEST
txn_10605,cust_2032,999,NETBANKING,SBI,ISSUER_DOWN,soft_tech,28,2026-08-17 00:56:08,ALREADY_PAID
txn_10606,cust_2320,299,NACH,AXIS,INSUFFICIENT_FUNDS,soft_user,13,2026-08-21 09:56:08,CANCEL_REQUEST
txn_10607,cust_2308,299,CARD_RECURRING,KOTAK,INSUFFICIENT_FUNDS,soft_user,17,2026-08-30 03:56:08,FAILED_AGAIN
txn_10608,cust_2038,9999,CARD_RECURRING,KOTAK,ISSUER_DOWN,soft_tech,26,2026-08-29 01:56:08,CANCEL_REQUEST
txn_10609,cust_2328,9999,NETBANKING,AXIS,GATEWAY_TIMEOUT,soft_tech,28,2026-08-21 02:56:08,CANCEL_REQUEST
txn_10610,cust_2232,4999,CARD_RECURRING,KOTAK,INSUFFICIENT_FUNDS,soft_user,16,2026-08-28 10:56:08,NONE
txn_10611,cust_2253,4999,CARD_RECURRING,ICICI,GATEWAY_TIMEOUT,soft_tech,17,2026-08-17 09:56:08,PAY_LATER
txn_10612,cust_2171,1499,UPI_AUTOPAY,SBI,ISSUER_DOWN,soft_tech,28,2026-08-17 15:56:08,FAILED_AGAIN
txn_10613,cust_2198,499,UPI_AUTOPAY,SBI,INSUFFICIENT_FUNDS,soft_user,6,2026-08-23 11:56:08,CANCEL_REQUEST
txn_10614,cust_2341,1499,UPI_AUTOPAY,SBI,MANDATE_REVOKED,hard_failure,22,2026-08-18 10:56:08,ALREADY_PAID
txn_10615,cust_2338,2999,NETBANKING,ICICI,EXPIRED_CARD,hard_failure,8,2026-08-30 18:56:08,NONE
txn_10616,cust_2098,4999,CARD_RECURRING,AXIS,INSUFFICIENT_FUNDS,soft_user,29,2026-08-25 16:56:08,CANCEL_REQUEST
txn_10617,cust_2091,299,UPI_AUTOPAY,HDFC,INSUFFICIENT_FUNDS,soft_user,12,2026-08-29 02:56:08,ALREADY_PAID
txn_10618,cust_2275,499,CARD_RECURRING,KOTAK,MANDATE_REVOKED,hard_failure,31,2026-08-19 19:56:08,NONE
txn_10619,cust_2070,4999,NACH,KOTAK,GATEWAY_TIMEOUT,soft_tech,7,2026-08-29 08:56:08,ALREADY_PAID
txn_10620,cust_2065,4999,NACH,ICICI,INSUFFICIENT_FUNDS,soft_user,18,2026-08-20 20:56:08,PAY_LATER
txn_10621,cust_2192,9999,NACH,HDFC,INSUFFICIENT_FUNDS,soft_user,25,2026-08-18 12:56:08,CANCEL_REQUEST
txn_10622,cust_2315,299,NACH,KOTAK,INSUFFICIENT_FUNDS,soft_user,34,2026-08-29 12:56:08,FAILED_AGAIN
txn_10623,cust_2095,4999,CARD_RECURRING,KOTAK,ISSUER_DOWN,soft_tech,4,2026-08-19 00:56:08,ALREADY_PAID
txn_10624,cust_2130,299,UPI_AUTOPAY,HDFC,ISSUER_DOWN,soft_tech,5,2026-08-20 23:56:08,ALREADY_PAID
txn_10625,cust_2117,499,NETBANKING,KOTAK,INSUFFICIENT_FUNDS,soft_user,34,2026-08-19 12:56:08,NONE
txn_10626,cust_2025,999,NACH,ICICI,ISSUER_DOWN,soft_tech,28,2026-08-25 11:56:08,NONE
txn_10627,cust_2349,299,NETBANKING,SBI,GATEWAY_TIMEOUT,soft_tech,21,2026-08-20 03:56:08,ALREADY_PAID
txn_10628,cust_2306,999,UPI_AUTOPAY,HDFC,INSUFFICIENT_FUNDS,soft_user,35,2026-08-30 12:56:08,FAILED_AGAIN
txn_10629,cust_2301,299,UPI_AUTOPAY,HDFC,INSUFFICIENT_FUNDS,soft_user,31,2026-08-27 02:56:08,FAILED_AGAIN
txn_10630,cust_2373,999,NETBANKING,KOTAK,GATEWAY_TIMEOUT,soft_tech,16,2026-08-17 09:56:08,CANCEL_REQUEST
txn_10631,cust_2168,999,NACH,AXIS,MANDATE_REVOKED,hard_failure,4,2026-08-30 06:56:08,CANCEL_REQUEST
txn_10632,cust_2298,999,NETBANKING,ICICI,ISSUER_DOWN,soft_tech,13,2026-08-25 14:56:08,ALREADY_PAID
txn_10633,cust_2009,299,NETBANKING,AXIS,ISSUER_DOWN,soft_tech,21,2026-08-30 16:56:08,ALREADY_PAID
txn_10634,cust_2163,299,UPI_AUTOPAY,HDFC,INSUFFICIENT_FUNDS,soft_user,23,2026-08-20 00:56:08,NONE
txn_10635,cust_2233,9999,NACH,KOTAK,ISSUER_DOWN,soft_tech,15,2026-08-30 18:56:08,CANCEL_REQUEST
txn_10636,cust_2005,499,NACH,KOTAK,ISSUER_DOWN,soft_tech,32,2026-08-24 03:56:08,FAILED_AGAIN
txn_10637,cust_2192,2999,NETBANKING,SBI,INSUFFICIENT_FUNDS,soft_user,3,2026-08-23 16:56:08,CANCEL_REQUEST
txn_10638,cust_2010,999,NACH,KOTAK,INSUFFICIENT_FUNDS,soft_user,15,2026-08-28 08:56:08,FAILED_AGAIN
txn_10639,cust_2316,299,NACH,KOTAK,INSUFFICIENT_FUNDS,soft_user,31,2026-08-29 09:56:08,PAY_LATER
txn_10640,cust_2175,4999,CARD_RECURRING,KOTAK,INSUFFICIENT_FUNDS,soft_user,33,2026-08-27 15:56:08,CANCEL_REQUEST
txn_10641,cust_2185,499,NACH,ICICI,INSUFFICIENT_FUNDS,soft_user,30,2026-08-24 13:56:08,FAILED_AGAIN
txn_10642,cust_2017,999,CARD_RECURRING,KOTAK,INSUFFICIENT_FUNDS,soft_user,2,2026-08-23 22:56:08,ALREADY_PAID
txn_10643,cust_2274,299,CARD_RECURRING,SBI,INSUFFICIENT_FUNDS,soft_user,31,2026-08-26 22:56:08,PAY_LATER
txn_10644,cust_2032,999,UPI_AUTOPAY,KOTAK,INSUFFICIENT_FUNDS,soft_user,22,2026-08-17 12:56:08,ALREADY_PAID
txn_10645,cust_2056,4999,UPI_AUTOPAY,SBI,MANDATE_REVOKED,hard_failure,7,2026-08-23 04:56:08,FAILED_AGAIN
txn_10646,cust_2234,4999,NACH,AXIS,ISSUER_DOWN,soft_tech,25,2026-08-23 13:56:08,FAILED_AGAIN
txn_10647,cust_2121,1499,UPI_AUTOPAY,SBI,GATEWAY_TIMEOUT,soft_tech,29,2026-08-25 06:56:08,PAY_LATER
txn_10648,cust_2088,4999,CARD_RECURRING,HDFC,GATEWAY_TIMEOUT,soft_tech,23,2026-08-25 08:56:08,CANCEL_REQUEST
txn_10649,cust_2129,499,CARD_RECURRING,SBI,ISSUER_DOWN,soft_tech,33,2026-08-27 14:56:08,NONE
txn_10650,cust_2100,2999,NETBANKING,SBI,INSUFFICIENT_FUNDS,soft_user,21,2026-08-18 10:56:08,NONE
txn_10651,cust_2215,2999,NETBANKING,SBI,ISSUER_DOWN,soft_tech,2,2026-08-19 20:56:08,CANCEL_REQUEST
txn_10652,cust_2387,1499,NETBANKING,ICICI,ISSUER_DOWN,soft_tech,23,2026-08-30 10:56:08,PAY_LATER
txn_10653,cust_2375,2999,CARD_RECURRING,SBI,GATEWAY_TIMEOUT,soft_tech,28,2026-08-26 10:56:08,FAILED_AGAIN
txn_10654,cust_2213,499,NETBANKING,HDFC,ISSUER_DOWN,soft_tech,3,2026-08-30 16:56:08,NONE
txn_10655,cust_2132,2999,UPI_AUTOPAY,ICICI,INSUFFICIENT_FUNDS,soft_user,14,2026-08-18 19:56:08,NONE
txn_10656,cust_2155,9999,NETBANKING,KOTAK,INSUFFICIENT_FUNDS,soft_user,3,2026-08-27 10:56:08,PAY_LATER
txn_10657,cust_2219,4999,CARD_RECURRING,ICICI,INSUFFICIENT_FUNDS,soft_user,5,2026-08-25 05:56:08,NONE
txn_10658,cust_2108,4999,NACH,AXIS,ISSUER_DOWN,soft_tech,14,2026-08-26 14:56:08,CANCEL_REQUEST
txn_10659,cust_2274,1499,NACH,KOTAK,ISSUER_DOWN,soft_tech,8,2026-08-30 12:56:08,CANCEL_REQUEST
txn_10660,cust_2205,1499,CARD_RECURRING,KOTAK,INSUFFICIENT_FUNDS,soft_user,5,2026-08-17 21:56:08,CANCEL_REQUEST
txn_10661,cust_2085,999,NETBANKING,KOTAK,EXPIRED_CARD,hard_failure,30,2026-08-27 16:56:08,CANCEL_REQUEST
txn_10662,cust_2280,4999,CARD_RECURRING,ICICI,ISSUER_DOWN,soft_tech,8,2026-08-17 07:56:08,NONE
txn_10663,cust_2270,999,NACH,KOTAK,INSUFFICIENT_FUNDS,soft_user,5,2026-08-25 07:56:08,FAILED_AGAIN
txn_10664,cust_2178,1499,UPI_AUTOPAY,SBI,INSUFFICIENT_FUNDS,soft_user,25,2026-08-29 23:56:08,PAY_LATER
txn_10665,cust_2090,299,NACH,HDFC,INSUFFICIENT_FUNDS,soft_user,2,2026-08-20 20:56:08,CANCEL_REQUEST
txn_10666,cust_2185,2999,NACH,AXIS,INSUFFICIENT_FUNDS,soft_user,9,2026-08-24 19:56:08,CANCEL_REQUEST
txn_10667,cust_2326,9999,NACH,KOTAK,INSUFFICIENT_FUNDS,soft_user,22,2026-08-17 08:56:08,ALREADY_PAID
txn_10668,cust_2166,299,NETBANKING,AXIS,INSUFFICIENT_FUNDS,soft_user,36,2026-08-20 03:56:08,PAY_LATER
txn_10669,cust_2172,2999,NACH,AXIS,INSUFFICIENT_FUNDS,soft_user,7,2026-08-17 02:56:08,PAY_LATER
txn_10670,cust_2390,2999,NETBANKING,HDFC,INSUFFICIENT_FUNDS,soft_user,25,2026-08-18 02:56:08,CANCEL_REQUEST
txn_10671,cust_2149,1499,NETBANKING,AXIS,MANDATE_REVOKED,hard_failure,6,2026-08-18 03:56:08,ALREADY_PAID
txn_10672,cust_2267,999,UPI_AUTOPAY,SBI,INSUFFICIENT_FUNDS,soft_user,17,2026-08-22 11:56:08,NONE
txn_10673,cust_2018,4999,UPI_AUTOPAY,AXIS,ISSUER_DOWN,soft_tech,32,2026-08-23 01:56:08,CANCEL_REQUEST
txn_10674,cust_2132,1499,UPI_AUTOPAY,HDFC,ISSUER_DOWN,soft_tech,4,2026-08-25 13:56:08,ALREADY_PAID
txn_10675,cust_2354,1499,NACH,AXIS,EXPIRED_CARD,hard_failure,20,2026-08-20 05:56:08,NONE
txn_10676,cust_2127,1499,CARD_RECURRING,AXIS,INSUFFICIENT_FUNDS,soft_user,29,2026-08-20 12:56:08,ALREADY_PAID
txn_10677,cust_2289,9999,NACH,KOTAK,INSUFFICIENT_FUNDS,soft_user,14,2026-08-22 09:56:08,FAILED_AGAIN
txn_10678,cust_2321,1499,NACH,SBI,EXPIRED_CARD,hard_failure,18,2026-08-19 18:56:08,FAILED_AGAIN
txn_10679,cust_2032,1499,CARD_RECURRING,SBI,MANDATE_REVOKED,hard_failure,10,2026-08-21 10:56:08,ALREADY_PAID
txn_10680,cust_2215,999,CARD_RECURRING,KOTAK,MANDATE_REVOKED,hard_failure,3,2026-08-25 20:56:08,CANCEL_REQUEST
txn_10681,cust_2370,1499,UPI_AUTOPAY,SBI,INSUFFICIENT_FUNDS,soft_user,10,2026-08-23 08:56:08,ALREADY_PAID
txn_10682,cust_2194,999,UPI_AUTOPAY,AXIS,INSUFFICIENT_FUNDS,soft_user,27,2026-08-25 10:56:08,FAILED_AGAIN
txn_10683,cust_2070,2999,UPI_AUTOPAY,ICICI,GATEWAY_TIMEOUT,soft_tech,35,2026-08-30 12:56:08,CANCEL_REQUEST
txn_10684,cust_2361,1499,NACH,ICICI,EXPIRED_CARD,hard_failure,8,2026-08-26 07:56:08,CANCEL_REQUEST
txn_10685,cust_2305,499,NETBANKING,SBI,ISSUER_DOWN,soft_tech,36,2026-08-29 09:56:08,PAY_LATER
txn_10686,cust_2098,2999,NETBANKING,HDFC,ISSUER_DOWN,soft_tech,13,2026-08-30 19:56:08,CANCEL_REQUEST
txn_10687,cust_2340,1499,NACH,AXIS,INSUFFICIENT_FUNDS,soft_user,25,2026-08-22 17:56:08,CANCEL_REQUEST
txn_10688,cust_2017,499,NETBANKING,SBI,GATEWAY_TIMEOUT,soft_tech,3,2026-08-23 17:56:08,PAY_LATER
txn_10689,cust_2311,4999,NACH,HDFC,INSUFFICIENT_FUNDS,soft_user,27,2026-08-18 18:56:08,ALREADY_PAID
txn_10690,cust_2093,999,NACH,SBI,INSUFFICIENT_FUNDS,soft_user,31,2026-08-18 22:56:08,PAY_LATER
txn_10691,cust_2283,499,UPI_AUTOPAY,ICICI,ISSUER_DOWN,soft_tech,11,2026-08-24 22:56:08,CANCEL_REQUEST
txn_10692,cust_2297,299,NACH,SBI,ISSUER_DOWN,soft_tech,19,2026-08-18 16:56:08,NONE
txn_10693,cust_2110,4999,NETBANKING,SBI,INSUFFICIENT_FUNDS,soft_user,29,2026-08-20 00:56:08,NONE
txn_10694,cust_2150,1499,NETBANKING,AXIS,INSUFFICIENT_FUNDS,soft_user,31,2026-08-28 08:56:08,NONE
txn_10695,cust_2238,9999,NACH,ICICI,ISSUER_DOWN,soft_tech,36,2026-08-24 17:56:08,PAY_LATER
txn_10696,cust_2143,4999,NETBANKING,SBI,INSUFFICIENT_FUNDS,soft_user,15,2026-08-30 05:56:08,PAY_LATER
txn_10697,cust_2387,1499,CARD_RECURRING,SBI,ISSUER_DOWN,soft_tech,13,2026-08-23 02:56:08,CANCEL_REQUEST
txn_10698,cust_2307,4999,UPI_AUTOPAY,ICICI,INSUFFICIENT_FUNDS,soft_user,30,2026-08-23 14:56:08,ALREADY_PAID
txn_10699,cust_2258,999,CARD_RECURRING,KOTAK,ISSUER_DOWN,soft_tech,21,2026-08-26 20:56:08,ALREADY_PAID
txn_10700,cust_2058,299,NETBANKING,ICICI,ISSUER_DOWN,soft_tech,16,2026-08-30 05:56:08,ALREADY_PAID
txn_10701,cust_2262,299,CARD_RECURRING,AXIS,INSUFFICIENT_FUNDS,soft_user,17,2026-08-18 12:56:08,ALREADY_PAID
txn_10702,cust_2206,299,NETBANKING,HDFC,INSUFFICIENT_FUNDS,soft_user,10,2026-08-25 11:56:08,FAILED_AGAIN
txn_10703,cust_2058,4999,NETBANKING,AXIS,INSUFFICIENT_FUNDS,soft_user,28,2026-08-29 04:56:08,FAILED_AGAIN
txn_10704,cust_2032,499,NACH,AXIS,INSUFFICIENT_FUNDS,soft_user,22,2026-08-19 11:56:08,ALREADY_PAID
txn_10705,cust_2112,499,NETBANKING,HDFC,EXPIRED_CARD,hard_failure,4,2026-08-17 07:56:08,NONE
txn_10706,cust_2105,499,CARD_RECURRING,SBI,INSUFFICIENT_FUNDS,soft_user,27,2026-08-25 06:56:08,ALREADY_PAID
txn_10707,cust_2028,999,CARD_RECURRING,ICICI,MANDATE_REVOKED,hard_failure,25,2026-08-23 09:56:08,NONE
txn_10708,cust_2270,4999,UPI_AUTOPAY,KOTAK,INSUFFICIENT_FUNDS,soft_user,21,2026-08-24 03:56:08,CANCEL_REQUEST
txn_10709,cust_2063,999,NETBANKING,KOTAK,GATEWAY_TIMEOUT,soft_tech,36,2026-08-25 00:56:08,ALREADY_PAID
txn_10710,cust_2133,1499,NETBANKING,HDFC,GATEWAY_TIMEOUT,soft_tech,12,2026-08-17 19:56:08,ALREADY_PAID
txn_10711,cust_2024,1499,NACH,SBI,ISSUER_DOWN,soft_tech,15,2026-08-24 04:56:08,PAY_LATER
txn_10712,cust_2089,299,UPI_AUTOPAY,AXIS,ISSUER_DOWN,soft_tech,15,2026-08-23 19:56:08,ALREADY_PAID
txn_10713,cust_2220,499,CARD_RECURRING,ICICI,ISSUER_DOWN,soft_tech,26,2026-08-18 20:56:08,FAILED_AGAIN
txn_10714,cust_2146,999,NACH,SBI,INSUFFICIENT_FUNDS,soft_user,6,2026-08-20 00:56:08,FAILED_AGAIN
txn_10715,cust_2060,299,UPI_AUTOPAY,AXIS,EXPIRED_CARD,hard_failure,30,2026-08-23 10:56:08,PAY_LATER
txn_10716,cust_2053,999,NACH,KOTAK,MANDATE_REVOKED,hard_failure,2,2026-08-30 10:56:08,CANCEL_REQUEST
txn_10717,cust_2251,499,NACH,HDFC,EXPIRED_CARD,hard_failure,7,2026-08-23 02:56:08,PAY_LATER
txn_10718,cust_2056,499,UPI_AUTOPAY,ICICI,INSUFFICIENT_FUNDS,soft_user,36,2026-08-27 03:56:08,PAY_LATER
txn_10719,cust_2222,9999,NACH,ICICI,GATEWAY_TIMEOUT,soft_tech,21,2026-08-24 10:56:08,CANCEL_REQUEST
txn_10720,cust_2183,4999,NETBANKING,HDFC,EXPIRED_CARD,hard_failure,26,2026-08-24 16:56:08,ALREADY_PAID
txn_10721,cust_2047,9999,NACH,KOTAK,INSUFFICIENT_FUNDS,soft_user,3,2026-08-28 05:56:08,ALREADY_PAID
txn_10722,cust_2263,299,NACH,ICICI,INSUFFICIENT_FUNDS,soft_user,10,2026-08-24 12:56:08,FAILED_AGAIN
txn_10723,cust_2186,4999,NACH,SBI,GATEWAY_TIMEOUT,soft_tech,5,2026-08-17 05:56:08,PAY_LATER
txn_10724,cust_2167,299,NACH,ICICI,ISSUER_DOWN,soft_tech,1,2026-08-21 03:56:08,CANCEL_REQUEST
txn_10725,cust_2341,499,UPI_AUTOPAY,KOTAK,MANDATE_REVOKED,hard_failure,33,2026-08-23 07:56:08,PAY_LATER
txn_10726,cust_2002,4999,NACH,ICICI,INSUFFICIENT_FUNDS,soft_user,6,2026-08-25 17:56:08,CANCEL_REQUEST
txn_10727,cust_2023,299,NACH,KOTAK,GATEWAY_TIMEOUT,soft_tech,3,2026-08-28 22:56:08,PAY_LATER
txn_10728,cust_2215,9999,UPI_AUTOPAY,AXIS,INSUFFICIENT_FUNDS,soft_user,35,2026-08-24 11:56:08,ALREADY_PAID
txn_10729,cust_2138,499,NETBANKING,ICICI,INSUFFICIENT_FUNDS,soft_user,14,2026-08-25 20:56:08,NONE
txn_10730,cust_2310,1499,NETBANKING,AXIS,INSUFFICIENT_FUNDS,soft_user,9,2026-08-22 21:56:08,FAILED_AGAIN
txn_10731,cust_2318,499,NACH,HDFC,MANDATE_REVOKED,hard_failure,25,2026-08-25 09:56:08,NONE
txn_10732,cust_2148,4999,UPI_AUTOPAY,AXIS,GATEWAY_TIMEOUT,soft_tech,4,2026-08-23 04:56:08,FAILED_AGAIN
txn_10733,cust_2293,4999,NETBANKING,SBI,ISSUER_DOWN,soft_tech,18,2026-08-26 09:56:08,PAY_LATER
txn_10734,cust_2064,4999,CARD_RECURRING,ICICI,INSUFFICIENT_FUNDS,soft_user,2,2026-08-29 19:56:08,ALREADY_PAID
txn_10735,cust_2335,999,CARD_RECURRING,HDFC,MANDATE_REVOKED,hard_failure,13,2026-08-20 23:56:08,NONE
txn_10736,cust_2245,2999,NETBANKING,KOTAK,INSUFFICIENT_FUNDS,soft_user,33,2026-08-22 22:56:08,PAY_LATER
txn_10737,cust_2187,299,NETBANKING,HDFC,MANDATE_REVOKED,hard_failure,29,2026-08-22 19:56:08,PAY_LATER
txn_10738,cust_2003,1499,NETBANKING,ICICI,ISSUER_DOWN,soft_tech,3,2026-08-19 06:56:08,FAILED_AGAIN
txn_10739,cust_2078,299,CARD_RECURRING,SBI,INSUFFICIENT_FUNDS,soft_user,5,2026-08-30 15:56:08,NONE
txn_10740,cust_2356,1499,UPI_AUTOPAY,HDFC,ISSUER_DOWN,soft_tech,23,2026-08-17 11:56:08,CANCEL_REQUEST
txn_10741,cust_2380,499,UPI_AUTOPAY,AXIS,INSUFFICIENT_FUNDS,soft_user,7,2026-08-30 21:56:08,NONE
txn_10742,cust_2063,4999,CARD_RECURRING,KOTAK,GATEWAY_TIMEOUT,soft_tech,17,2026-08-27 05:56:08,NONE
txn_10743,cust_2366,1499,UPI_AUTOPAY,SBI,ISSUER_DOWN,soft_tech,9,2026-08-17 16:56:08,FAILED_AGAIN
txn_10744,cust_2081,1499,UPI_AUTOPAY,HDFC,INSUFFICIENT_FUNDS,soft_user,19,2026-08-30 09:56:08,NONE
txn_10745,cust_2181,299,NETBANKING,AXIS,MANDATE_REVOKED,hard_failure,14,2026-08-22 14:56:08,PAY_LATER
txn_10746,cust_2160,4999,UPI_AUTOPAY,KOTAK,INSUFFICIENT_FUNDS,soft_user,27,2026-08-25 12:56:08,FAILED_AGAIN
txn_10747,cust_2007,1499,NACH,SBI,ISSUER_DOWN,soft_tech,35,2026-08-18 23:56:08,NONE
txn_10748,cust_2049,4999,UPI_AUTOPAY,AXIS,EXPIRED_CARD,hard_failure,4,2026-08-26 19:56:08,PAY_LATER
txn_10749,cust_2300,999,UPI_AUTOPAY,SBI,ISSUER_DOWN,soft_tech,5,2026-08-21 22:56:08,FAILED_AGAIN
txn_10750,cust_2370,299,NACH,ICICI,INSUFFICIENT_FUNDS,soft_user,29,2026-08-18 15:56:08,FAILED_AGAIN
txn_10751,cust_2134,4999,NETBANKING,AXIS,EXPIRED_CARD,hard_failure,31,2026-08-26 09:56:08,CANCEL_REQUEST
txn_10752,cust_2152,999,CARD_RECURRING,HDFC,ISSUER_DOWN,soft_tech,36,2026-08-29 04:56:08,NONE
txn_10753,cust_2277,2999,NACH,ICICI,INSUFFICIENT_FUNDS,soft_user,18,2026-08-25 23:56:08,ALREADY_PAID
txn_10754,cust_2133,499,NETBANKING,AXIS,INSUFFICIENT_FUNDS,soft_user,28,2026-08-18 17:56:08,ALREADY_PAID
txn_10755,cust_2080,499,CARD_RECURRING,SBI,GATEWAY_TIMEOUT,soft_tech,35,2026-08-24 04:56:08,CANCEL_REQUEST
txn_10756,cust_2199,999,CARD_RECURRING,ICICI,ISSUER_DOWN,soft_tech,15,2026-08-25 01:56:08,ALREADY_PAID
txn_10757,cust_2293,299,NETBANKING,HDFC,ISSUER_DOWN,soft_tech,23,2026-08-18 03:56:08,CANCEL_REQUEST
txn_10758,cust_2293,1499,NACH,KOTAK,MANDATE_REVOKED,hard_failure,22,2026-08-19 02:56:08,PAY_LATER
txn_10759,cust_2075,299,UPI_AUTOPAY,HDFC,GATEWAY_TIMEOUT,soft_tech,21,2026-08-24 16:56:08,NONE
txn_10760,cust_2230,2999,CARD_RECURRING,ICICI,INSUFFICIENT_FUNDS,soft_user,9,2026-08-24 11:56:08,CANCEL_REQUEST
txn_10761,cust_2254,9999,UPI_AUTOPAY,SBI,INSUFFICIENT_FUNDS,soft_user,28,2026-08-23 05:56:08,CANCEL_REQUEST
txn_10762,cust_2255,299,NETBANKING,HDFC,INSUFFICIENT_FUNDS,soft_user,31,2026-08-17 14:56:08,CANCEL_REQUEST
txn_10763,cust_2260,999,UPI_AUTOPAY,ICICI,GATEWAY_TIMEOUT,soft_tech,31,2026-08-29 22:56:08,PAY_LATER
txn_10764,cust_2255,299,UPI_AUTOPAY,AXIS,INSUFFICIENT_FUNDS,soft_user,20,2026-08-21 20:56:08,ALREADY_PAID
txn_10765,cust_2352,9999,NACH,SBI,ISSUER_DOWN,soft_tech,17,2026-08-17 08:56:08,CANCEL_REQUEST
txn_10766,cust_2129,999,UPI_AUTOPAY,HDFC,GATEWAY_TIMEOUT,soft_tech,20,2026-08-24 15:56:08,CANCEL_REQUEST
txn_10767,cust_2163,4999,CARD_RECURRING,SBI,MANDATE_REVOKED,hard_failure,14,2026-08-23 22:56:08,PAY_LATER
txn_10768,cust_2208,4999,NETBANKING,AXIS,INSUFFICIENT_FUNDS,soft_user,30,2026-08-21 18:56:08,NONE
txn_10769,cust_2057,299,NACH,KOTAK,MANDATE_REVOKED,hard_failure,16,2026-08-24 20:56:08,ALREADY_PAID
txn_10770,cust_2218,2999,UPI_AUTOPAY,ICICI,INSUFFICIENT_FUNDS,soft_user,25,2026-08-20 18:56:08,NONE
txn_10771,cust_2353,9999,NACH,ICICI,MANDATE_REVOKED,hard_failure,1,2026-08-27 17:56:08,ALREADY_PAID
txn_10772,cust_2192,9999,CARD_RECURRING,HDFC,INSUFFICIENT_FUNDS,soft_user,25,2026-08-22 03:56:08,ALREADY_PAID
txn_10773,cust_2131,2999,CARD_RECURRING,KOTAK,INSUFFICIENT_FUNDS,soft_user,13,2026-08-29 17:56:08,FAILED_AGAIN
txn_10774,cust_2126,999,UPI_AUTOPAY,SBI,GATEWAY_TIMEOUT,soft_tech,14,2026-08-30 21:56:08,CANCEL_REQUEST
txn_10775,cust_2265,4999,UPI_AUTOPAY,KOTAK,INSUFFICIENT_FUNDS,soft_user,14,2026-08-30 09:56:08,PAY_LATER
txn_10776,cust_2268,1499,NACH,KOTAK,INSUFFICIENT_FUNDS,soft_user,22,2026-08-18 22:56:08,CANCEL_REQUEST
txn_10777,cust_2056,9999,CARD_RECURRING,SBI,GATEWAY_TIMEOUT,soft_tech,23,2026-08-28 06:56:08,FAILED_AGAIN
txn_10778,cust_2151,4999,CARD_RECURRING,AXIS,GATEWAY_TIMEOUT,soft_tech,17,2026-08-26 21:56:08,ALREADY_PAID
txn_10779,cust_2399,499,CARD_RECURRING,AXIS,ISSUER_DOWN,soft_tech,19,2026-08-19 17:56:08,PAY_LATER
txn_10780,cust_2257,2999,CARD_RECURRING,KOTAK,GATEWAY_TIMEOUT,soft_tech,5,2026-08-18 00:56:08,FAILED_AGAIN
txn_10781,cust_2022,299,NETBANKING,ICICI,ISSUER_DOWN,soft_tech,33,2026-08-27 03:56:08,ALREADY_PAID
txn_10782,cust_2399,299,NACH,AXIS,INSUFFICIENT_FUNDS,soft_user,22,2026-08-18 05:56:08,FAILED_AGAIN
txn_10783,cust_2342,299,CARD_RECURRING,AXIS,INSUFFICIENT_FUNDS,soft_user,35,2026-08-22 02:56:08,CANCEL_REQUEST
txn_10784,cust_2259,499,UPI_AUTOPAY,SBI,INSUFFICIENT_FUNDS,soft_user,21,2026-08-18 08:56:08,FAILED_AGAIN
txn_10785,cust_2055,499,CARD_RECURRING,ICICI,EXPIRED_CARD,hard_failure,25,2026-08-19 00:56:08,ALREADY_PAID
txn_10786,cust_2214,4999,CARD_RECURRING,HDFC,ISSUER_DOWN,soft_tech,9,2026-08-27 02:56:08,FAILED_AGAIN
txn_10787,cust_2010,2999,CARD_RECURRING,AXIS,ISSUER_DOWN,soft_tech,32,2026-08-22 19:56:08,ALREADY_PAID
txn_10788,cust_2357,2999,NACH,ICICI,ISSUER_DOWN,soft_tech,14,2026-08-24 08:56:08,ALREADY_PAID
txn_10789,cust_2102,4999,CARD_RECURRING,HDFC,EXPIRED_CARD,hard_failure,11,2026-08-23 06:56:08,FAILED_AGAIN
txn_10790,cust_2283,499,UPI_AUTOPAY,HDFC,INSUFFICIENT_FUNDS,soft_user,33,2026-08-20 06:56:08,ALREADY_PAID
txn_10791,cust_2337,499,NACH,KOTAK,ISSUER_DOWN,soft_tech,10,2026-08-20 20:56:08,ALREADY_PAID
txn_10792,cust_2131,1499,NACH,SBI,ISSUER_DOWN,soft_tech,24,2026-08-28 18:56:08,PAY_LATER
txn_10793,cust_2168,9999,CARD_RECURRING,KOTAK,ISSUER_DOWN,soft_tech,5,2026-08-23 22:56:08,NONE
txn_10794,cust_2349,1499,CARD_RECURRING,SBI,INSUFFICIENT_FUNDS,soft_user,11,2026-08-26 07:56:08,FAILED_AGAIN
txn_10795,cust_2147,2999,NACH,ICICI,MANDATE_REVOKED,hard_failure,20,2026-08-27 15:56:08,ALREADY_PAID
txn_10796,cust_2011,4999,UPI_AUTOPAY,AXIS,EXPIRED_CARD,hard_failure,30,2026-08-24 03:56:08,ALREADY_PAID
txn_10797,cust_2319,9999,NACH,HDFC,ISSUER_DOWN,soft_tech,15,2026-08-24 12:56:08,CANCEL_REQUEST
txn_10798,cust_2185,2999,NETBANKING,ICICI,GATEWAY_TIMEOUT,soft_tech,2,2026-08-27 11:56:08,ALREADY_PAID
txn_10799,cust_2399,9999,CARD_RECURRING,SBI,EXPIRED_CARD,hard_failure,1,2026-08-28 08:56:08,NONE
txn_10800,cust_2260,299,UPI_AUTOPAY,HDFC,GATEWAY_TIMEOUT,soft_tech,35,2026-08-24 21:56:08,ALREADY_PAID
txn_10801,cust_2378,499,UPI_AUTOPAY,SBI,INSUFFICIENT_FUNDS,soft_user,12,2026-08-20 11:56:08,ALREADY_PAID
txn_10802,cust_2308,499,NACH,KOTAK,ISSUER_DOWN,soft_tech,21,2026-08-21 06:56:08,ALREADY_PAID
txn_10803,cust_2384,9999,NACH,ICICI,ISSUER_DOWN,soft_tech,6,2026-08-20 02:56:08,NONE
txn_10804,cust_2228,299,NACH,AXIS,ISSUER_DOWN,soft_tech,10,2026-08-24 04:56:08,FAILED_AGAIN
txn_10805,cust_2182,1499,NETBANKING,HDFC,GATEWAY_TIMEOUT,soft_tech,25,2026-08-26 17:56:08,FAILED_AGAIN
txn_10806,cust_2354,9999,CARD_RECURRING,HDFC,EXPIRED_CARD,hard_failure,33,2026-08-21 08:56:08,CANCEL_REQUEST
txn_10807,cust_2039,2999,NACH,KOTAK,EXPIRED_CARD,hard_failure,16,2026-08-17 23:56:08,CANCEL_REQUEST
txn_10808,cust_2060,9999,CARD_RECURRING,KOTAK,ISSUER_DOWN,soft_tech,1,2026-08-28 03:56:08,PAY_LATER
txn_10809,cust_2054,499,CARD_RECURRING,AXIS,INSUFFICIENT_FUNDS,soft_user,20,2026-08-17 17:56:08,NONE
txn_10810,cust_2148,999,NETBANKING,AXIS,EXPIRED_CARD,hard_failure,35,2026-08-19 21:56:08,PAY_LATER
txn_10811,cust_2365,299,CARD_RECURRING,KOTAK,MANDATE_REVOKED,hard_failure,10,2026-08-30 14:56:08,CANCEL_REQUEST
txn_10812,cust_2091,499,NACH,HDFC,INSUFFICIENT_FUNDS,soft_user,18,2026-08-27 08:56:08,CANCEL_REQUEST
txn_10813,cust_2372,499,CARD_RECURRING,SBI,EXPIRED_CARD,hard_failure,7,2026-08-20 16:56:08,ALREADY_PAID
txn_10814,cust_2156,9999,NETBANKING,AXIS,MANDATE_REVOKED,hard_failure,2,2026-08-28 06:56:08,FAILED_AGAIN
txn_10815,cust_2389,2999,NETBANKING,KOTAK,ISSUER_DOWN,soft_tech,5,2026-08-17 19:56:08,ALREADY_PAID
txn_10816,cust_2297,299,NACH,KOTAK,ISSUER_DOWN,soft_tech,25,2026-08-28 20:56:08,PAY_LATER
txn_10817,cust_2310,9999,UPI_AUTOPAY,KOTAK,INSUFFICIENT_FUNDS,soft_user,21,2026-08-30 14:56:08,PAY_LATER
txn_10818,cust_2138,299,UPI_AUTOPAY,HDFC,INSUFFICIENT_FUNDS,soft_user,11,2026-08-22 15:56:08,ALREADY_PAID
txn_10819,cust_2098,999,NACH,AXIS,INSUFFICIENT_FUNDS,soft_user,24,2026-08-25 20:56:08,ALREADY_PAID
txn_10820,cust_2159,9999,UPI_AUTOPAY,KOTAK,MANDATE_REVOKED,hard_failure,33,2026-08-29 00:56:08,NONE
txn_10821,cust_2277,999,NETBANKING,SBI,INSUFFICIENT_FUNDS,soft_user,4,2026-08-25 04:56:08,FAILED_AGAIN
txn_10822,cust_2185,2999,CARD_RECURRING,KOTAK,INSUFFICIENT_FUNDS,soft_user,16,2026-08-17 13:56:08,PAY_LATER
txn_10823,cust_2115,999,CARD_RECURRING,AXIS,INSUFFICIENT_FUNDS,soft_user,29,2026-08-23 15:56:08,FAILED_AGAIN
txn_10824,cust_2159,4999,NETBANKING,AXIS,ISSUER_DOWN,soft_tech,20,2026-08-30 07:56:08,NONE
txn_10825,cust_2208,999,NACH,KOTAK,EXPIRED_CARD,hard_failure,12,2026-08-18 00:56:08,NONE
txn_10826,cust_2150,299,NACH,ICICI,INSUFFICIENT_FUNDS,soft_user,12,2026-08-20 23:56:08,CANCEL_REQUEST
txn_10827,cust_2044,1499,CARD_RECURRING,SBI,INSUFFICIENT_FUNDS,soft_user,20,2026-08-21 17:56:08,NONE
txn_10828,cust_2186,999,NETBANKING,HDFC,GATEWAY_TIMEOUT,soft_tech,36,2026-08-21 04:56:08,CANCEL_REQUEST
txn_10829,cust_2133,4999,CARD_RECURRING,HDFC,ISSUER_DOWN,soft_tech,10,2026-08-20 20:56:08,NONE
txn_10830,cust_2305,9999,NETBANKING,SBI,INSUFFICIENT_FUNDS,soft_user,8,2026-08-27 05:56:08,CANCEL_REQUEST
txn_10831,cust_2089,9999,CARD_RECURRING,AXIS,ISSUER_DOWN,soft_tech,29,2026-08-30 18:56:08,NONE
txn_10832,cust_2297,999,CARD_RECURRING,ICICI,INSUFFICIENT_FUNDS,soft_user,9,2026-08-26 18:56:08,FAILED_AGAIN
txn_10833,cust_2365,4999,CARD_RECURRING,HDFC,INSUFFICIENT_FUNDS,soft_user,35,2026-08-30 06:56:08,NONE
txn_10834,cust_2017,499,CARD_RECURRING,HDFC,ISSUER_DOWN,soft_tech,31,2026-08-22 14:56:08,PAY_LATER
txn_10835,cust_2280,1499,UPI_AUTOPAY,SBI,ISSUER_DOWN,soft_tech,10,2026-08-21 11:56:08,ALREADY_PAID
txn_10836,cust_2374,299,NACH,HDFC,EXPIRED_CARD,hard_failure,10,2026-08-27 10:56:08,CANCEL_REQUEST
txn_10837,cust_2345,499,UPI_AUTOPAY,ICICI,INSUFFICIENT_FUNDS,soft_user,21,2026-08-27 11:56:08,ALREADY_PAID
txn_10838,cust_2142,999,NACH,SBI,ISSUER_DOWN,soft_tech,26,2026-08-21 21:56:08,CANCEL_REQUEST
txn_10839,cust_2289,9999,CARD_RECURRING,SBI,ISSUER_DOWN,soft_tech,3,2026-08-27 15:56:08,FAILED_AGAIN
txn_10840,cust_2323,299,UPI_AUTOPAY,AXIS,INSUFFICIENT_FUNDS,soft_user,16,2026-08-22 16:56:08,PAY_LATER
txn_10841,cust_2271,4999,UPI_AUTOPAY,AXIS,GATEWAY_TIMEOUT,soft_tech,4,2026-08-24 00:56:08,CANCEL_REQUEST
txn_10842,cust_2162,299,CARD_RECURRING,ICICI,INSUFFICIENT_FUNDS,soft_user,13,2026-08-25 19:56:08,CANCEL_REQUEST
txn_10843,cust_2373,999,UPI_AUTOPAY,KOTAK,EXPIRED_CARD,hard_failure,23,2026-08-28 16:56:08,FAILED_AGAIN
txn_10844,cust_2045,4999,CARD_RECURRING,SBI,INSUFFICIENT_FUNDS,soft_user,30,2026-08-23 19:56:08,NONE
txn_10845,cust_2082,9999,CARD_RECURRING,AXIS,ISSUER_DOWN,soft_tech,31,2026-08-30 14:56:08,ALREADY_PAID
txn_10846,cust_2059,299,NETBANKING,ICICI,INSUFFICIENT_FUNDS,soft_user,16,2026-08-29 14:56:08,ALREADY_PAID
txn_10847,cust_2132,299,NACH,HDFC,EXPIRED_CARD,hard_failure,26,2026-08-17 02:56:08,NONE
txn_10848,cust_2322,1499,UPI_AUTOPAY,ICICI,ISSUER_DOWN,soft_tech,11,2026-08-17 02:56:08,FAILED_AGAIN
txn_10849,cust_2242,1499,NACH,SBI,ISSUER_DOWN,soft_tech,10,2026-08-21 07:56:08,PAY_LATER
txn_10850,cust_2125,4999,UPI_AUTOPAY,KOTAK,INSUFFICIENT_FUNDS,soft_user,2,2026-08-28 21:56:08,CANCEL_REQUEST
txn_10851,cust_2398,299,NETBANKING,AXIS,GATEWAY_TIMEOUT,soft_tech,27,2026-08-26 13:56:08,CANCEL_REQUEST
txn_10852,cust_2197,1499,NACH,KOTAK,INSUFFICIENT_FUNDS,soft_user,18,2026-08-28 12:56:08,FAILED_AGAIN
txn_10853,cust_2270,499,CARD_RECURRING,ICICI,MANDATE_REVOKED,hard_failure,23,2026-08-30 11:56:08,NONE
txn_10854,cust_2051,499,NACH,AXIS,INSUFFICIENT_FUNDS,soft_user,27,2026-08-24 03:56:08,FAILED_AGAIN
txn_10855,cust_2219,1499,NETBANKING,AXIS,INSUFFICIENT_FUNDS,soft_user,5,2026-08-28 08:56:08,FAILED_AGAIN
txn_10856,cust_2279,4999,CARD_RECURRING,SBI,INSUFFICIENT_FUNDS,soft_user,20,2026-08-30 21:56:08,ALREADY_PAID
txn_10857,cust_2382,299,NETBANKING,KOTAK,ISSUER_DOWN,soft_tech,13,2026-08-19 19:56:08,ALREADY_PAID
txn_10858,cust_2109,2999,UPI_AUTOPAY,HDFC,ISSUER_DOWN,soft_tech,26,2026-08-25 02:56:08,FAILED_AGAIN
txn_10859,cust_2009,4999,CARD_RECURRING,KOTAK,INSUFFICIENT_FUNDS,soft_user,5,2026-08-23 21:56:08,PAY_LATER
txn_10860,cust_2017,4999,UPI_AUTOPAY,AXIS,GATEWAY_TIMEOUT,soft_tech,34,2026-08-25 19:56:08,PAY_LATER
txn_10861,cust_2317,999,CARD_RECURRING,AXIS,ISSUER_DOWN,soft_tech,22,2026-08-28 17:56:08,CANCEL_REQUEST
txn_10862,cust_2110,9999,NACH,SBI,ISSUER_DOWN,soft_tech,12,2026-08-27 07:56:08,CANCEL_REQUEST
txn_10863,cust_2173,1499,NETBANKING,SBI,ISSUER_DOWN,soft_tech,25,2026-08-28 14:56:08,CANCEL_REQUEST
txn_10864,cust_2134,299,NETBANKING,ICICI,ISSUER_DOWN,soft_tech,23,2026-08-21 18:56:08,FAILED_AGAIN
txn_10865,cust_2053,1499,CARD_RECURRING,HDFC,ISSUER_DOWN,soft_tech,35,2026-08-30 11:56:08,CANCEL_REQUEST
txn_10866,cust_2332,1499,CARD_RECURRING,ICICI,INSUFFICIENT_FUNDS,soft_user,28,2026-08-26 03:56:08,NONE
txn_10867,cust_2183,4999,NACH,HDFC,INSUFFICIENT_FUNDS,soft_user,25,2026-08-18 21:56:08,NONE
txn_10868,cust_2378,2999,NACH,SBI,MANDATE_REVOKED,hard_failure,2,2026-08-18 12:56:08,CANCEL_REQUEST
txn_10869,cust_2240,2999,CARD_RECURRING,SBI,EXPIRED_CARD,hard_failure,30,2026-08-29 19:56:08,ALREADY_PAID
txn_10870,cust_2008,999,NETBANKING,SBI,INSUFFICIENT_FUNDS,soft_user,25,2026-08-29 14:56:08,PAY_LATER
txn_10871,cust_2157,4999,NACH,AXIS,INSUFFICIENT_FUNDS,soft_user,21,2026-08-28 13:56:08,CANCEL_REQUEST
txn_10872,cust_2368,1499,NACH,AXIS,ISSUER_DOWN,soft_tech,6,2026-08-20 04:56:08,FAILED_AGAIN
txn_10873,cust_2213,2999,NETBANKING,SBI,ISSUER_DOWN,soft_tech,30,2026-08-27 18:56:08,CANCEL_REQUEST
txn_10874,cust_2348,499,CARD_RECURRING,SBI,INSUFFICIENT_FUNDS,soft_user,25,2026-08-29 03:56:08,NONE
txn_10875,cust_2220,1499,UPI_AUTOPAY,AXIS,INSUFFICIENT_FUNDS,soft_user,13,2026-08-17 15:56:08,FAILED_AGAIN
txn_10876,cust_2300,499,NETBANKING,KOTAK,GATEWAY_TIMEOUT,soft_tech,27,2026-08-27 20:56:08,PAY_LATER
txn_10877,cust_2187,2999,CARD_RECURRING,KOTAK,GATEWAY_TIMEOUT,soft_tech,30,2026-08-30 18:56:08,CANCEL_REQUEST
txn_10878,cust_2097,1499,NETBANKING,KOTAK,INSUFFICIENT_FUNDS,soft_user,6,2026-08-29 10:56:08,CANCEL_REQUEST
txn_10879,cust_2047,499,NACH,KOTAK,INSUFFICIENT_FUNDS,soft_user,29,2026-08-17 16:56:08,NONE
txn_10880,cust_2300,9999,NETBANKING,KOTAK,INSUFFICIENT_FUNDS,soft_user,14,2026-08-23 09:56:08,PAY_LATER
txn_10881,cust_2049,999,UPI_AUTOPAY,KOTAK,GATEWAY_TIMEOUT,soft_tech,36,2026-08-23 05:56:08,NONE
txn_10882,cust_2096,299,NETBANKING,ICICI,INSUFFICIENT_FUNDS,soft_user,9,2026-08-26 09:56:08,ALREADY_PAID
txn_10883,cust_2355,299,NACH,ICICI,INSUFFICIENT_FUNDS,soft_user,5,2026-08-19 10:56:08,PAY_LATER
txn_10884,cust_2051,299,NACH,HDFC,GATEWAY_TIMEOUT,soft_tech,5,2026-08-27 00:56:08,PAY_LATER
txn_10885,cust_2250,499,UPI_AUTOPAY,AXIS,INSUFFICIENT_FUNDS,soft_user,31,2026-08-24 07:56:08,NONE
txn_10886,cust_2118,4999,CARD_RECURRING,AXIS,GATEWAY_TIMEOUT,soft_tech,6,2026-08-23 08:56:08,FAILED_AGAIN
txn_10887,cust_2195,499,CARD_RECURRING,AXIS,INSUFFICIENT_FUNDS,soft_user,18,2026-08-20 18:56:08,NONE
txn_10888,cust_2303,1499,NETBANKING,SBI,INSUFFICIENT_FUNDS,soft_user,14,2026-08-21 11:56:08,CANCEL_REQUEST
txn_10889,cust_2077,9999,UPI_AUTOPAY,HDFC,INSUFFICIENT_FUNDS,soft_user,22,2026-08-26 01:56:08,ALREADY_PAID
txn_10890,cust_2088,1499,NACH,HDFC,GATEWAY_TIMEOUT,soft_tech,32,2026-08-24 22:56:08,ALREADY_PAID
txn_10891,cust_2196,499,NACH,ICICI,MANDATE_REVOKED,hard_failure,1,2026-08-21 13:56:08,FAILED_AGAIN
txn_10892,cust_2077,2999,CARD_RECURRING,ICICI,MANDATE_REVOKED,hard_failure,36,2026-08-19 01:56:08,PAY_LATER
txn_10893,cust_2065,2999,UPI_AUTOPAY,ICICI,INSUFFICIENT_FUNDS,soft_user,28,2026-08-20 21:56:08,CANCEL_REQUEST
txn_10894,cust_2024,299,CARD_RECURRING,SBI,GATEWAY_TIMEOUT,soft_tech,14,2026-08-17 10:56:08,ALREADY_PAID
txn_10895,cust_2400,9999,NETBANKING,HDFC,INSUFFICIENT_FUNDS,soft_user,21,2026-08-19 12:56:08,CANCEL_REQUEST
txn_10896,cust_2300,9999,NETBANKING,AXIS,INSUFFICIENT_FUNDS,soft_user,8,2026-08-23 13:56:08,FAILED_AGAIN
txn_10897,cust_2360,999,UPI_AUTOPAY,ICICI,MANDATE_REVOKED,hard_failure,31,2026-08-20 00:56:08,ALREADY_PAID
txn_10898,cust_2039,299,UPI_AUTOPAY,KOTAK,INSUFFICIENT_FUNDS,soft_user,3,2026-08-20 19:56:08,PAY_LATER
txn_10899,cust_2171,999,CARD_RECURRING,SBI,INSUFFICIENT_FUNDS,soft_user,29,2026-08-21 05:56:08,CANCEL_REQUEST
txn_10900,cust_2163,299,NACH,SBI,INSUFFICIENT_FUNDS,soft_user,29,2026-08-28 13:56:08,NONE
txn_10901,cust_2322,1499,UPI_AUTOPAY,HDFC,INSUFFICIENT_FUNDS,soft_user,2,2026-08-18 00:56:08,NONE
txn_10902,cust_2178,2999,CARD_RECURRING,SBI,INSUFFICIENT_FUNDS,soft_user,7,2026-08-27 06:56:08,ALREADY_PAID
txn_10903,cust_2291,299,NACH,SBI,ISSUER_DOWN,soft_tech,33,2026-08-22 12:56:08,PAY_LATER
txn_10904,cust_2222,499,CARD_RECURRING,SBI,ISSUER_DOWN,soft_tech,35,2026-08-30 12:56:08,ALREADY_PAID
txn_10905,cust_2191,999,NACH,AXIS,MANDATE_REVOKED,hard_failure,1,2026-08-17 08:56:08,FAILED_AGAIN
txn_10906,cust_2088,499,UPI_AUTOPAY,HDFC,MANDATE_REVOKED,hard_failure,17,2026-08-17 21:56:08,PAY_LATER
txn_10907,cust_2316,9999,NETBANKING,AXIS,INSUFFICIENT_FUNDS,soft_user,31,2026-08-17 13:56:08,FAILED_AGAIN
txn_10908,cust_2143,4999,CARD_RECURRING,ICICI,INSUFFICIENT_FUNDS,soft_user,32,2026-08-26 05:56:08,ALREADY_PAID
txn_10909,cust_2258,999,UPI_AUTOPAY,AXIS,INSUFFICIENT_FUNDS,soft_user,14,2026-08-24 01:56:08,NONE
txn_10910,cust_2355,999,NETBANKING,ICICI,ISSUER_DOWN,soft_tech,10,2026-08-23 22:56:08,NONE
txn_10911,cust_2200,299,CARD_RECURRING,HDFC,INSUFFICIENT_FUNDS,soft_user,3,2026-08-30 00:56:08,NONE
txn_10912,cust_2160,2999,UPI_AUTOPAY,HDFC,ISSUER_DOWN,soft_tech,8,2026-08-27 12:56:08,CANCEL_REQUEST
txn_10913,cust_2013,4999,UPI_AUTOPAY,KOTAK,ISSUER_DOWN,soft_tech,24,2026-08-23 16:56:08,PAY_LATER
txn_10914,cust_2100,9999,NETBANKING,AXIS,ISSUER_DOWN,soft_tech,3,2026-08-19 13:56:08,ALREADY_PAID
txn_10915,cust_2337,9999,UPI_AUTOPAY,AXIS,ISSUER_DOWN,soft_tech,36,2026-08-22 07:56:08,FAILED_AGAIN
txn_10916,cust_2109,2999,UPI_AUTOPAY,AXIS,INSUFFICIENT_FUNDS,soft_user,7,2026-08-25 14:56:08,ALREADY_PAID
txn_10917,cust_2033,499,CARD_RECURRING,KOTAK,EXPIRED_CARD,hard_failure,23,2026-08-30 21:56:08,FAILED_AGAIN
txn_10918,cust_2292,2999,CARD_RECURRING,AXIS,GATEWAY_TIMEOUT,soft_tech,1,2026-08-20 01:56:08,CANCEL_REQUEST
txn_10919,cust_2336,9999,UPI_AUTOPAY,AXIS,INSUFFICIENT_FUNDS,soft_user,6,2026-08-17 06:56:08,NONE
txn_10920,cust_2251,499,NETBANKING,KOTAK,MANDATE_REVOKED,hard_failure,18,2026-08-22 20:56:08,FAILED_AGAIN
txn_10921,cust_2082,299,UPI_AUTOPAY,ICICI,ISSUER_DOWN,soft_tech,30,2026-08-22 00:56:08,PAY_LATER
txn_10922,cust_2088,299,UPI_AUTOPAY,AXIS,MANDATE_REVOKED,hard_failure,18,2026-08-20 09:56:08,CANCEL_REQUEST
txn_10923,cust_2298,499,NACH,AXIS,GATEWAY_TIMEOUT,soft_tech,22,2026-08-28 08:56:08,ALREADY_PAID
txn_10924,cust_2294,2999,UPI_AUTOPAY,ICICI,ISSUER_DOWN,soft_tech,25,2026-08-19 15:56:08,FAILED_AGAIN
txn_10925,cust_2167,299,UPI_AUTOPAY,KOTAK,INSUFFICIENT_FUNDS,soft_user,24,2026-08-29 02:56:08,ALREADY_PAID
txn_10926,cust_2308,4999,NACH,KOTAK,INSUFFICIENT_FUNDS,soft_user,21,2026-08-28 14:56:08,CANCEL_REQUEST
txn_10927,cust_2371,999,NETBANKING,ICICI,ISSUER_DOWN,soft_tech,31,2026-08-24 16:56:08,PAY_LATER
txn_10928,cust_2243,499,CARD_RECURRING,ICICI,ISSUER_DOWN,soft_tech,21,2026-08-17 09:56:08,FAILED_AGAIN
txn_10929,cust_2129,299,CARD_RECURRING,KOTAK,INSUFFICIENT_FUNDS,soft_user,34,2026-08-19 16:56:08,CANCEL_REQUEST
txn_10930,cust_2392,1499,NACH,HDFC,INSUFFICIENT_FUNDS,soft_user,32,2026-08-17 06:56:08,PAY_LATER
txn_10931,cust_2083,2999,NETBANKING,KOTAK,MANDATE_REVOKED,hard_failure,35,2026-08-24 21:56:08,ALREADY_PAID
txn_10932,cust_2367,9999,UPI_AUTOPAY,SBI,EXPIRED_CARD,hard_failure,17,2026-08-23 18:56:08,ALREADY_PAID
txn_10933,cust_2063,9999,CARD_RECURRING,ICICI,ISSUER_DOWN,soft_tech,36,2026-08-20 10:56:08,PAY_LATER
txn_10934,cust_2302,499,NETBANKING,ICICI,INSUFFICIENT_FUNDS,soft_user,4,2026-08-19 21:56:08,NONE
txn_10935,cust_2169,2999,UPI_AUTOPAY,HDFC,INSUFFICIENT_FUNDS,soft_user,32,2026-08-19 17:56:08,NONE
txn_10936,cust_2287,499,NACH,HDFC,INSUFFICIENT_FUNDS,soft_user,33,2026-08-23 17:56:08,ALREADY_PAID
txn_10937,cust_2006,2999,UPI_AUTOPAY,KOTAK,EXPIRED_CARD,hard_failure,29,2026-08-27 01:56:08,FAILED_AGAIN
txn_10938,cust_2288,9999,NETBANKING,ICICI,INSUFFICIENT_FUNDS,soft_user,9,2026-08-18 21:56:08,CANCEL_REQUEST
txn_10939,cust_2108,999,CARD_RECURRING,AXIS,ISSUER_DOWN,soft_tech,30,2026-08-29 23:56:08,CANCEL_REQUEST
txn_10940,cust_2197,499,UPI_AUTOPAY,SBI,INSUFFICIENT_FUNDS,soft_user,36,2026-08-24 05:56:08,FAILED_AGAIN
txn_10941,cust_2229,499,NETBANKING,SBI,ISSUER_DOWN,soft_tech,32,2026-08-20 08:56:08,FAILED_AGAIN
txn_10942,cust_2163,299,UPI_AUTOPAY,SBI,GATEWAY_TIMEOUT,soft_tech,17,2026-08-21 13:56:08,PAY_LATER
txn_10943,cust_2018,2999,NACH,SBI,MANDATE_REVOKED,hard_failure,27,2026-08-17 23:56:08,NONE
txn_10944,cust_2122,499,CARD_RECURRING,KOTAK,INSUFFICIENT_FUNDS,soft_user,11,2026-08-22 18:56:08,ALREADY_PAID
txn_10945,cust_2274,4999,UPI_AUTOPAY,ICICI,INSUFFICIENT_FUNDS,soft_user,34,2026-08-19 21:56:08,CANCEL_REQUEST
txn_10946,cust_2271,4999,CARD_RECURRING,HDFC,INSUFFICIENT_FUNDS,soft_user,4,2026-08-19 11:56:08,FAILED_AGAIN
txn_10947,cust_2301,999,NACH,AXIS,EXPIRED_CARD,hard_failure,6,2026-08-20 11:56:08,FAILED_AGAIN
txn_10948,cust_2024,4999,UPI_AUTOPAY,HDFC,MANDATE_REVOKED,hard_failure,32,2026-08-26 13:56:08,FAILED_AGAIN
txn_10949,cust_2309,299,NACH,HDFC,ISSUER_DOWN,soft_tech,32,2026-08-28 05:56:08,ALREADY_PAID
txn_10950,cust_2101,499,NETBANKING,AXIS,ISSUER_DOWN,soft_tech,10,2026-08-27 08:56:08,NONE
txn_10951,cust_2045,4999,UPI_AUTOPAY,KOTAK,GATEWAY_TIMEOUT,soft_tech,23,2026-08-27 03:56:08,PAY_LATER
txn_10952,cust_2149,9999,NACH,ICICI,INSUFFICIENT_FUNDS,soft_user,4,2026-08-23 13:56:08,ALREADY_PAID
txn_10953,cust_2341,299,UPI_AUTOPAY,HDFC,EXPIRED_CARD,hard_failure,35,2026-08-28 17:56:08,CANCEL_REQUEST
txn_10954,cust_2219,999,NACH,ICICI,ISSUER_DOWN,soft_tech,26,2026-08-30 15:56:08,CANCEL_REQUEST
txn_10955,cust_2269,1499,NETBANKING,SBI,INSUFFICIENT_FUNDS,soft_user,33,2026-08-21 08:56:08,ALREADY_PAID
txn_10956,cust_2107,499,NETBANKING,KOTAK,ISSUER_DOWN,soft_tech,6,2026-08-28 00:56:08,FAILED_AGAIN
txn_10957,cust_2024,2999,NETBANKING,KOTAK,INSUFFICIENT_FUNDS,soft_user,32,2026-08-24 13:56:08,NONE
txn_10958,cust_2281,499,CARD_RECURRING,KOTAK,INSUFFICIENT_FUNDS,soft_user,1,2026-08-19 00:56:08,ALREADY_PAID
txn_10959,cust_2047,1499,NETBANKING,SBI,GATEWAY_TIMEOUT,soft_tech,35,2026-08-30 01:56:08,CANCEL_REQUEST
txn_10960,cust_2359,4999,UPI_AUTOPAY,SBI,INSUFFICIENT_FUNDS,soft_user,9,2026-08-17 11:56:08,FAILED_AGAIN
txn_10961,cust_2254,9999,NETBANKING,AXIS,ISSUER_DOWN,soft_tech,35,2026-08-19 14:56:08,FAILED_AGAIN
txn_10962,cust_2327,4999,NETBANKING,SBI,INSUFFICIENT_FUNDS,soft_user,23,2026-08-26 23:56:08,PAY_LATER
txn_10963,cust_2088,4999,NACH,SBI,INSUFFICIENT_FUNDS,soft_user,30,2026-08-28 07:56:08,PAY_LATER
txn_10964,cust_2115,499,NACH,KOTAK,INSUFFICIENT_FUNDS,soft_user,4,2026-08-27 01:56:08,NONE
txn_10965,cust_2068,999,CARD_RECURRING,SBI,INSUFFICIENT_FUNDS,soft_user,23,2026-08-17 01:56:08,FAILED_AGAIN
txn_10966,cust_2323,4999,UPI_AUTOPAY,ICICI,GATEWAY_TIMEOUT,soft_tech,21,2026-08-19 22:56:08,ALREADY_PAID
txn_10967,cust_2044,999,CARD_RECURRING,KOTAK,INSUFFICIENT_FUNDS,soft_user,12,2026-08-18 00:56:08,ALREADY_PAID
txn_10968,cust_2136,999,NACH,KOTAK,ISSUER_DOWN,soft_tech,15,2026-08-23 10:56:08,CANCEL_REQUEST
txn_10969,cust_2029,1499,UPI_AUTOPAY,AXIS,ISSUER_DOWN,soft_tech,18,2026-08-26 12:56:08,FAILED_AGAIN
txn_10970,cust_2118,499,CARD_RECURRING,SBI,GATEWAY_TIMEOUT,soft_tech,8,2026-08-28 03:56:08,PAY_LATER
txn_10971,cust_2301,499,UPI_AUTOPAY,AXIS,EXPIRED_CARD,hard_failure,33,2026-08-29 23:56:08,ALREADY_PAID
txn_10972,cust_2384,499,NACH,HDFC,GATEWAY_TIMEOUT,soft_tech,22,2026-08-30 20:56:08,CANCEL_REQUEST
txn_10973,cust_2340,4999,NACH,KOTAK,INSUFFICIENT_FUNDS,soft_user,3,2026-08-27 23:56:08,CANCEL_REQUEST
txn_10974,cust_2271,2999,CARD_RECURRING,HDFC,INSUFFICIENT_FUNDS,soft_user,22,2026-08-19 23:56:08,FAILED_AGAIN
txn_10975,cust_2387,999,UPI_AUTOPAY,AXIS,INSUFFICIENT_FUNDS,soft_user,23,2026-08-24 10:56:08,NONE
txn_10976,cust_2192,499,CARD_RECURRING,SBI,ISSUER_DOWN,soft_tech,17,2026-08-26 21:56:08,CANCEL_REQUEST
txn_10977,cust_2098,499,UPI_AUTOPAY,SBI,INSUFFICIENT_FUNDS,soft_user,2,2026-08-22 08:56:08,CANCEL_REQUEST
txn_10978,cust_2009,499,CARD_RECURRING,HDFC,ISSUER_DOWN,soft_tech,20,2026-08-22 08:56:08,CANCEL_REQUEST
txn_10979,cust_2231,1499,NACH,HDFC,ISSUER_DOWN,soft_tech,25,2026-08-28 15:56:08,FAILED_AGAIN
txn_10980,cust_2301,499,NACH,KOTAK,INSUFFICIENT_FUNDS,soft_user,33,2026-08-20 22:56:08,NONE
txn_10981,cust_2326,9999,UPI_AUTOPAY,HDFC,GATEWAY_TIMEOUT,soft_tech,34,2026-08-19 06:56:08,ALREADY_PAID
txn_10982,cust_2029,4999,UPI_AUTOPAY,AXIS,INSUFFICIENT_FUNDS,soft_user,35,2026-08-18 22:56:08,CANCEL_REQUEST
txn_10983,cust_2378,2999,NACH,ICICI,INSUFFICIENT_FUNDS,soft_user,14,2026-08-25 00:56:08,PAY_LATER
txn_10984,cust_2114,1499,CARD_RECURRING,HDFC,GATEWAY_TIMEOUT,soft_tech,9,2026-08-21 11:56:08,NONE
txn_10985,cust_2285,999,CARD_RECURRING,AXIS,ISSUER_DOWN,soft_tech,2,2026-08-17 09:56:08,CANCEL_REQUEST
txn_10986,cust_2179,2999,CARD_RECURRING,KOTAK,GATEWAY_TIMEOUT,soft_tech,26,2026-08-21 16:56:08,CANCEL_REQUEST
txn_10987,cust_2263,999,CARD_RECURRING,KOTAK,ISSUER_DOWN,soft_tech,5,2026-08-27 20:56:08,ALREADY_PAID
txn_10988,cust_2016,4999,NETBANKING,HDFC,INSUFFICIENT_FUNDS,soft_user,9,2026-08-30 10:56:08,CANCEL_REQUEST
txn_10989,cust_2241,4999,NETBANKING,SBI,MANDATE_REVOKED,hard_failure,23,2026-08-22 02:56:08,PAY_LATER
txn_10990,cust_2102,299,UPI_AUTOPAY,AXIS,GATEWAY_TIMEOUT,soft_tech,25,2026-08-25 01:56:08,PAY_LATER
txn_10991,cust_2302,299,NACH,KOTAK,GATEWAY_TIMEOUT,soft_tech,25,2026-08-30 20:56:08,CANCEL_REQUEST
txn_10992,cust_2099,1499,UPI_AUTOPAY,SBI,INSUFFICIENT_FUNDS,soft_user,10,2026-08-24 16:56:08,NONE
txn_10993,cust_2313,299,UPI_AUTOPAY,SBI,ISSUER_DOWN,soft_tech,24,2026-08-26 03:56:08,NONE
txn_10994,cust_2151,9999,UPI_AUTOPAY,SBI,INSUFFICIENT_FUNDS,soft_user,13,2026-08-29 02:56:08,NONE
txn_10995,cust_2198,2999,UPI_AUTOPAY,KOTAK,INSUFFICIENT_FUNDS,soft_user,3,2026-08-18 19:56:08,PAY_LATER
txn_10996,cust_2172,1499,NETBANKING,SBI,EXPIRED_CARD,hard_failure,7,2026-08-19 17:56:08,PAY_LATER
txn_10997,cust_2198,999,CARD_RECURRING,AXIS,INSUFFICIENT_FUNDS,soft_user,22,2026-08-27 15:56:08,CANCEL_REQUEST
txn_10998,cust_2031,9999,CARD_RECURRING,HDFC,EXPIRED_CARD,hard_failure,34,2026-08-26 12:56:08,NONE
txn_10999,cust_2215,1499,CARD_RECURRING,HDFC,ISSUER_DOWN,soft_tech,26,2026-08-27 01:56:08,PAY_LATER
